2020-03-03 19:54:48,"Today is Super Tuesday

I support Bernie Sanders

Here is one reason why

https://t.co/NpRHKf2Krk",,
2020-03-03 19:54:47,It is Super Tuesday! Don't forget to vote. Leaving from work in one hour to vote.,"Dallas, TX",
2020-03-03 19:54:46,This is the only Super Tuesday I recognize https://t.co/owPsU8L75G,"Bethesda, MD",
2020-03-03 19:54:45,"Super Tuesday residents, get out there and VOTE! #SuperTuesday","Scottsdale, AZ",
2020-03-03 19:54:44,"they want Trump, y'all. simple as that https://t.co/xzkVfjujQM",Earth...,
2020-03-03 19:54:42,"Sanders seeks to ward off resurgent Biden https://t.co/etizZmNtA1
BETTER WATCH THIS GUY!!!!!!!!!!!!!!!!!!!!!!!!!!!!!!!!!",LEBANON ,
2020-03-03 19:54:42,.@ewarren is coming to Eastern Market in Detroit this evening to meet with Michigan voters while the country waits‚Ä¶ https://t.co/VNDuXPahiZ,"Lansing, MI",
2020-03-03 19:54:41,"Wishing good luck to all my friends who are running for office, supporting a candidate, or working on a measure.‚Ä¶ https://t.co/qepSSOEyqX","University Heights, San Diego",
2020-03-03 19:54:38,Some people still don't understand that the Democratic party is doing everything it can to stop ((the will of the p‚Ä¶ https://t.co/l4PbKMJOyP,"Florida, USA",
2020-03-03 19:54:37,be sure to vote today if it‚Äôs super tuesday where you are!!! THIS IS SO IMPORTANT,we made it sidney :‚Äô),
2020-03-03 19:54:36,Happy Super Tuesday from Northern Virginia! @jack_p #IVoted https://t.co/kPd4cO72KQ,"Washington, DC",
2020-03-03 19:54:36,"Bret Baier's Super Tuesday expectations

https://t.co/hIlA1tSXBZ",,
2020-03-03 19:54:35,Joe Biden gets a final poll bounce as 14 states vote for Super Tuesday https://t.co/9ZGDwGcjsP via @MailOnline,,
2020-03-03 19:54:35,"I voted for @ewarren today, and if you're a Super Tuesday voter I hope you do as well.  Such smarts, such drive - s‚Ä¶ https://t.co/9HUqrqPUDC",Over yonder.,
2020-03-03 19:54:33,Sanders Campaign Was Caught Off Guard by Quick Massing of Opposition https://t.co/wQwItCYUC6,Unknown,
2020-03-03 19:54:33,Warren &amp; her fans reject two-man race #WarrenForTheWin #WarrenForAmerica #WarrenForPresident  https://t.co/CZv3aaGtVZ,"Bala Cynwyd, PA",
2020-03-03 19:54:33,If you are eligible to vote and live in a super tuesday state but don‚Äôt vote then you are not allowed to listen to‚Ä¶ https://t.co/8UaXQEnwcC,"Bloomington, IN",
2020-03-03 19:54:32,"Super Tuesday... excuse 5,729 to treat yourself to a slice of #tripleberry cake. https://t.co/nN4Bwcy3xP 
.
.
.
üì∑:i‚Ä¶ https://t.co/9yuzyZWuxt","Los Angeles, CA",
2020-03-03 19:54:31,Taking bets now for Super Tuesday,"Bellevue, WA",
2020-03-03 19:54:30,Retired Marine - Super Tuesday Democrat Demon Fest! - 03/03/2020 https://t.co/ZAZYPT1jfA via @YouTube,"Holiday, FL",
2020-03-03 19:54:29,@dianesbaker1 @HCandler @ericgarland I will check in on Super Tuesday results tonight. I‚Äôm curious to see how that will play out.,Pennsylvania,
2020-03-03 19:54:28,@harrowedpossum @AmandaStellaris @bombsfall Is that why they call it Super Tuesday? Super Tuesday 64,,
2020-03-03 19:54:27,Gargantuan Super Tuesday energy ‚úäüèºüí™üèºüó≥ https://t.co/Hl7uXUhCXm,"East Nashville, TN",
2020-03-03 19:54:27,@AOC @BernieSanders This gives me chills. Come on Super Tuesday states! #FeelTheBern,"Oshawa, Ontario",
2020-03-03 19:54:26,"Brit Hume on Super Tuesday: Democratic establishment is worried, but so is Bernie Sanders - Fox News

Brit Hume on‚Ä¶ https://t.co/ODJK9EhZc4",No border.,
2020-03-03 19:54:25,"5 questions about the Democratic race Super Tuesday could answer
https://t.co/mdtOVWrEpR","Tuscaloosa, AL",
2020-03-03 19:54:25,Listen to our special edition podcast on Super Tuesday. https://t.co/DuHqhonrYR,"Wisconsin, USA",
2020-03-03 19:54:24,What Bernie Skeptics Need to Know Before Super Tuesday https://t.co/zEzffcmI5P via @YouTube,"Greenwich, CT",
2020-03-03 19:54:23,"Happy Titty Tuesday y'all!
If you're in a Super Tuesday state, don't forget to exercise you're Civic Right and Vote‚Ä¶ https://t.co/MJxtrsQycA",Christmas Island,
2020-03-03 19:54:23,So much Bernie support in my town today. üíïA Super Tuesday indeed :),"Bay Area, CA/my room/Venus ",
2020-03-03 19:54:23,"Super Tuesday is here, folks. Please make sure you go and vote. This is so important.","Parker, Colorado",
2020-03-03 19:54:22,"So, I‚Äôm watching coverage of Super Tuesday and have yet to hear @SenWarren mentioned. WTF! She will get my vote. By‚Ä¶ https://t.co/XfstvG1fl2","York, PA",
2020-03-03 19:54:21,"Well, I just easily purchased Hamilton tickets at the KC so I'm pretty pleased with Super Tuesday so far",Not a humblebrag just a fact,
2020-03-03 19:54:21,"However Bloomberg fares on Super Tuesday, Democrats should adopt his plan to tax the rich https://t.co/QrNHYVs9AP","Miami Beach, FL",
2020-03-03 19:54:21,Super Tuesday Is an Election Security Acid Test https://t.co/55j8ZUOuOl https://t.co/2uJh8rMwQp,"Greater Portland, Oregon, USA",
2020-03-03 19:54:20,Polls open for Super Tuesday until 7 p.m. https://t.co/HmbNZpS7Xd,"Lubbock, Texas",
2020-03-03 19:54:19,"Do you know what today is?
It's a Tuesday!
It's a super day!
And it's Super Tuesday!
Please vote if you live an any‚Ä¶ https://t.co/aA40iQAmzG",,
2020-03-03 19:54:14,"@therealjeremiah
Super Tuesday Could Show Just How Blue Texas Is Turning https://t.co/5gYictOQEX",,
2020-03-03 19:54:11,"LIVE TV ALERT üö® 

Coming up at 3pm on @OANN to talk about #coronavirus, the #TalibanPeaceDeal and Super Tuesday.

Be sure to tune in! üì∫",,
2020-03-03 19:54:10,Its sUPer Tuesday and we encourage everyone to show up early tonight and be loud! https://t.co/uQEaowAXYb,"Spartanburg, S.C.",
2020-03-03 19:54:09,"Happy Super Tuesday everyone! I'm supporting Biden, and I hope y'all do as well! #PeteToBiden #NeverBernie #NeverBloomberg",,
2020-03-03 19:54:07,@Kathlee06407765 @PeteButtigieg @JoeBiden Happy Super Thurs.. Tuesday!,,
2020-03-03 19:54:07,Mike Bloomberg's online campaign store has an entire merchandise section dedicated to Super Tuesday. This morning h‚Ä¶ https://t.co/8Buy29ssGH,brittany@yahoonews.com,
2020-03-03 19:54:06,"At the risk of sounding like I want to blow up the Democratic Party and like I am full of hatred, I hope the candid‚Ä¶ https://t.co/kGwzej1FcY","Newark, DE",
2020-03-03 19:54:05,If you're in the resistance I hope to see I voted sticker tweeted out today we need 2 proof the resistance is a pow‚Ä¶ https://t.co/46bNS8N76c,,
2020-03-03 19:54:03,Super Tuesday https://t.co/jSsdS1AaEy,,
2020-03-03 19:54:03,"If @BernieSanders wins big in the #CaliforniaPrimary, on Super Tuesday, it will be strong support from this ‚Äúsleepi‚Ä¶ https://t.co/SUTv4DH3FY","Sacramento, CA",
2020-03-03 19:54:02,"Just three short-stemmed tulips having a Super Tuesday and wondering what all the fuss is about.
#urbanmagic‚ú®‚Ä¶ https://t.co/DTo9yvPbek",Gaia,
2020-03-03 19:54:02,Opinion | This Super Tuesday is impossible to predict https://t.co/d7cX7E46jZ,"San Antonio, TX",
2020-03-03 19:54:01,22News Digital Only LIVE Super Tuesday election commentary https://t.co/YK8wWmtzW7,"Chicopee, Ma",
2020-03-03 19:53:57,i thot super tuesday was either a religious holiday or something to do with the moon,somewhere in california,
2020-03-03 19:53:54,"Well, let's see how the rest of the day goes. Super tuesday, that is. #truth","Salisbury, Maryland",
2020-03-03 19:53:53,Super Tuesday is a fucking holiday at my house. I‚Äôve taken a half day from work. I‚Äôm going home to prepare. Lol https://t.co/nhpX5KCATk,Hades,
2020-03-03 19:53:52,@Cernovich Now it'll be Super Spreader Tuesday,,
2020-03-03 19:53:49,Off to #VoteWarren  #VoteForWarren ...happy Super Tuesday!,California,
2020-03-03 19:53:49,"Of course Buttigeig and Klobachar made a side deal with the DNC to end their Campaign, why else would anybody end c‚Ä¶ https://t.co/2qOLWRYkIX","Cicero, NY",
2020-03-03 19:53:49,"If these ‚Å¶@DataProgress‚Å© #s are close to real, Biden sweeps the south; Sanders wins the progressive states; and the‚Ä¶ https://t.co/Bb1eM9eUdx","New York, NY",
2020-03-03 19:53:49,Super Tuesday is in full effect. 45 minute wait to vote in the current poll I‚Äôm at. I‚Äôm still going to wait.,,
2020-03-03 19:53:46,"this was a joke post but now it‚Äôs Super Tuesday. today, we can ALL be how Bernie can still win. go vote https://t.co/kZTS63o7JQ",,
2020-03-03 19:53:46,"@MysterySolvent And if you're not in a Super Tuesday state, like me, do you think it's super unfair that you don't‚Ä¶ https://t.co/Bdq9zPmS1B",,
2020-03-03 19:53:45,YTH meets Super Tuesday as YAB member @ivanxgarcia meets presidential candidate @JoeBiden today. #supertuesday2020‚Ä¶ https://t.co/eOlsQPIEfs,San Francisco CA area,
2020-03-03 19:53:44,Bloomberg has spent $400+ million in advertising in Super Tuesday states and has effectively ‚Äúbought‚Äù 17% in the po‚Ä¶ https://t.co/lp9kSgq5jc,THE REPUBLIC OF TEXAS,
2020-03-03 19:53:43,3/3 Super Tuesday https://t.co/wBFQ2ScwgY @tmbsfm,NYC,
2020-03-03 19:53:41,It's super Tuesday and all of the status quo Democrats are throwing their support behind the second place candidate‚Ä¶ https://t.co/xQFc1g3Wrv,"Portland, OR",
2020-03-03 19:53:40,Here's what's on the line for Super Tuesday #SkimmLife https://t.co/DwaIFJeusk via @theSkimm,"Marietta, Ga",
2020-03-03 19:53:39,"Should Bernie's campaign have been more prepared? His campaign mngr: ""We always anticipated that there would be con‚Ä¶ https://t.co/1bHkgBJjw3",,
2020-03-03 19:53:38,It‚Äôs Super Tuesday.. Go find somewhere to vote!,903 üá®üá±,
2020-03-03 19:53:37,"Super Tuesday Grim Oak Super Sale https://t.co/qUUvJT7obf

The anthology UNBOUND, on sale here for this harrowing e‚Ä¶ https://t.co/2fPtzJ8A9s","A Dystopia, Apparently",
2020-03-03 19:53:36,Nice surrogates are not helpful. This is a well meaning but ultimately useless message on Super Tuesday. https://t.co/7uyIj3hPBI,"Detroit, MI",
2020-03-03 19:53:35,"Reminder to eat the rich, but if you clean your plate you can totally have some smug faux-progressive liberal too,‚Ä¶ https://t.co/N3nYgRfJED",,
2020-03-03 19:53:34,It‚Äôs Super Tuesday... https://t.co/nAQCMfkfmo,LA,
2020-03-03 19:53:31,"Interesting...@BernieSanders' supporters calling for @ewarren to drop out.

IMHO, the #BernieBros are worried about‚Ä¶ https://t.co/dD4A5t2uyT",,
2020-03-03 19:53:28,Happy Super Tuesday #ElectionDay üó≥ #IVoted #CaliforniaPrimary #VoteWarren GO VOTE if you haven't already.,"San Francisco, CA",
2020-03-03 19:53:27,"I‚Äôm already tired from my shitty sleeping schedule + work, I think if I took the time to do constant Super Tuesday‚Ä¶ https://t.co/NfbdV2I46C",In a Denny's Parking Lot,
2020-03-03 19:53:26,IN PHOTOS: Voters in 14 states and one territory are headed to the polls this Super Tuesday to cast their ballots.‚Ä¶ https://t.co/qrcfX55Ka8,,
2020-03-03 19:53:26,did Neil deGrasse Tyson say anything about how Super Tuesday is not actually larger than any other Tuesday,floating on the Columbia River,
2020-03-03 19:53:25,Super Tuesday projection: https://t.co/rJcPJGZu9g,Los Angeles,
2020-03-03 19:53:22,AOC Says US Needs ‚ÄòTransformative Change‚Äô to Stop ‚ÄòFor-Profit Caging of People‚Äô in America https://t.co/zhcLMSZ4ym,Sacramento,
2020-03-03 19:53:21,"A day after Super Tuesday, SAC Student Life is proud to present a movie screening about an important moment in voti‚Ä¶ https://t.co/IKZGKVita5","Santa Ana, CA",
2020-03-03 19:53:20,"If you dig Fantasy anthologies and my short stories, there's a HUGE sale right now from @GrimOakPress, including Un‚Ä¶ https://t.co/kvaMrEJsD6","Tampa, FL",
2020-03-03 19:53:20,The thing that I appreciate the most about this Super Tuesday in Alabama is that tomorrow it's possible I could wat‚Ä¶ https://t.co/qb1KOJeLff,"Birmingham, AL",
2020-03-03 19:53:20,"Today is one of the most historic Super Tuesday‚Äôs the US has seen, with 14 states opening their polls for a nearly‚Ä¶ https://t.co/OgzGQHZX9y","College Park, MD",
2020-03-03 19:53:18,"Make this a truly Super Tuesday and #voteforwarren
if you are in a primary state.","Pennsylvania, USA",
2020-03-03 19:53:18,ASI‚Äôs latest bumper sticker #poll predicts #SuperTuesday showings in key races https://t.co/Z0GYMAfooc‚Ä¶ https://t.co/RS5FEdwpEx,Philadelphia,
2020-03-03 19:53:15,#SuperTuesday Wow it's Super Tuesday! OMG! No just kidding voting changes NOTHING..ALL politicians suck on BOTH sid‚Ä¶ https://t.co/5XGRxoNtk5,Philadelphia PA,
2020-03-03 19:53:14,I was torn between Bernie Sanders and Elizabeth Warren in Super Tuesday - until I realized something important abou‚Ä¶ https://t.co/BxP2udsPSO,"Mesa, AZ",
2020-03-03 19:53:14,"It's Super Tuesday on the election front, and Black voters are seeking to flex their political power.‚Ä¶ https://t.co/3lKaNfUzHp","Wichita, KS, US, 67214",
2020-03-03 19:53:13,Happy super Tuesday https://t.co/q43Zp7DCFb,Planet earth Pennsylvania,
2020-03-03 19:53:08,@BackToTheLeft @StatusCoup @JordanChariton They locked him for 12 hours.... on Super Tuesday.,"Colorado Springs, CO",
2020-03-03 19:53:08,Every Tuesday is ‚ÄúSuper‚Äù if you have enough bourbon handy,"All Over, The Place",
2020-03-03 19:53:07,@majorityfm @BenjaminPDixon If sanders was ahead by Super Tuesday they would have voted for him it is not anything‚Ä¶ https://t.co/wh6hG3zvH7,San Franscisco Bay Are,
2020-03-03 19:53:06,"Happy Super Tuesday #PeteFam ! Quick question, is anyone having trouble accessing their account information on‚Ä¶ https://t.co/l0cpIDEZJC","Phoenix, AZ",
2020-03-03 19:53:06,"Friends in Super Tuesday states, please exercise your right to vote today! #vote #supertuesday2020","London, England",
2020-03-03 19:53:05,Look who‚Äôs out in Virginia for Super Tuesday voting! https://t.co/bhfG1ZOTzl,DC,
2020-03-03 19:53:04,"To my American friends, if you live in a super Tuesday state and you are eligible to vote in the democratic primary‚Ä¶ https://t.co/0tzaapx6PN","Berlin, Deutschland",
2020-03-03 19:53:03,Polls show big bounce to Biden ahead of Super Tuesday https://t.co/29yOk36vCF,,
2020-03-03 19:53:01,"Super App Tuesday!!!
Because your candidate isn‚Äôt on the ballot yet.
Stay Tuned!!
CG
https://t.co/thb2IAd5Dw‚Ä¶ https://t.co/0jRkwrqf1r",Los Angeles,
2020-03-03 19:53:00,‚ÄúThe dominating factor deciding the general election...has less to do with who the candidate is and more to do with‚Ä¶ https://t.co/1IY7emrPHg,"Washington, D.C.",
2020-03-03 19:52:58,Don‚Äôt forget that today is Super Tuesday and you need to vote! #democracy #voted #civicduty #supertuesday https://t.co/G7o2hIS00x,"Little Rock, AR",
2020-03-03 19:52:58,it is super tuesday so vote for bernie the man who saved me after i passed out üëçüèº https://t.co/VfJQVaGdnR,"East Lansing, MI",
2020-03-03 19:52:56,"Truth in advertising...
Elizabeth Warren: A Populist for the Professional Class
https://t.co/3nxSjJ3ngK https://t.co/QVjQFVltE8",,
2020-03-03 19:52:56,"If my twitter feed = votes, @ewarren would win super Tuesday by a sizable margin.","Los Angeles, CA",
2020-03-03 19:52:55,Wow! Would you look at the time? Find your Super Tuesday voting &amp; drop box locations at https://t.co/07NHVsmASh and‚Ä¶ https://t.co/I4Ju9duZhZ,"Salt Lake City, UT",
2020-03-03 19:52:54,"Sometimes, the best way to fix a broken system is to get involved in the fight to change it. 

Sometimes, the best‚Ä¶ https://t.co/4YOnMbCOnF","Boulder, CO",
2020-03-03 19:52:54,"Super Tuesday: Joe Biden Is a Risk Against Trump, Just Like Bernie Sanders https://t.co/GEbdB9QJaR",Salt Lake Shitty,
2020-03-03 19:52:53,@EvanSayet Klobuchar and Buttigieg drop out just before Super Tuesday.  They (along with Beto) show up in Texas to‚Ä¶ https://t.co/6lc2fnfM9n,"Sol 3, Western Outer Spiral Arm",
2020-03-03 19:52:52,@BlueR00n @IslandGirlPRV @RachelintheOC @lLEHaware @Samiknowsbest1 @PetraMcCarron2 @sergeivote @victorkhoshoob‚Ä¶ https://t.co/DkStWYu7KS,"Durban/Cape Town, South Africa",
2020-03-03 19:52:51,Today is Super Tuesday! Go out and vote. Make your voice be heard!,,
2020-03-03 19:52:49,Super Tuesday let's go!#PeteToWarren,,
2020-03-03 19:52:49,"Good for him...about 20 people showed up....üôÑ

Mike Bloomberg Stumps In Florida On Super Tuesday https://t.co/qHWL5JXTvt",Florida,
2020-03-03 19:52:47,"if you‚Äôre not voting for Harv this super tuesday, please vote Bernie! Second best choice! Cat approved!‚Ä¶ https://t.co/dD6vApexoj","hell, probably",
2020-03-03 19:52:46,@eyesopens idk how to properly explain it but this is a great article that does! https://t.co/1iyyPvlNhE,ts ‚Ä¢ bts ,
2020-03-03 19:52:45,The Billionaire Class Is Counting on Super Tuesday to Stop Sanders via @thenation https://t.co/PDoNSXbYvB,"Mesa, AZ",
2020-03-03 19:52:45,"SUPER
TUESDAY
RESULTS
&amp; ANALYSIS
‚ñ≤
TONITE @ 9 on GLOBAL NEWS
https://t.co/f1SdDuwPjg
‚ñº
and WATCH IT on
SOA MOBILE K‚Ä¶ https://t.co/u4PW1Lyva0","BOSTON, MA USA",
2020-03-03 19:52:44,@ConnieG1025 @VintageKnits @michelle_spenc @HarleyDad731 @BCOOL333 @Crashingmoonxo @RexThomresist45 @BetsyGervasi‚Ä¶ https://t.co/6gIiPDNi7E,"Wisconsin, USA",
2020-03-03 19:52:43,got my 100 gecs ticket and voted for b*rn/ie happy super tuesday,she/her ‚Ä¢ 20 ‚Ä¢ cali,
2020-03-03 19:52:42,"@cmclymer Read this threadüëá
It's why I voted early and voted for Elizabeth Warren. 
Be smart today Super Tuesday st‚Ä¶ https://t.co/6huslRYZb6","Sacramento, CA",
2020-03-03 19:52:41,"California might not be finished counting votes and allocating delegates for a few days. 

If that is the case, Bid‚Ä¶ https://t.co/EIBd870i0m",,
2020-03-03 19:52:41,Super Tuesday: Biden's odds surge on betting markets as Sanders stalls ‚Äî but Trump still favored‚Ä¶ https://t.co/mHtSz8ApIi,"Salt Lake City, Utah",
2020-03-03 19:52:41,"@chrislhayes Super Tuesday seems like it'll make the transmissions much, much worse.",nyc,
2020-03-03 19:52:40,"It's Super Tuesday, and the race is more volatile than you think: Vote with your heart!  Nearly every early primary‚Ä¶ https://t.co/zN062wsRZV","Detroit, MI",
2020-03-03 19:52:38,"planning super tuesday meals can be overwhelming. my meal plan:

breakfast - bagel
lunch - vegetable soup and salad‚Ä¶ https://t.co/VBcHcFHyoD",New York; mjnegrin@gmail.com,
2020-03-03 19:52:37,got in the spirit of super tuesday and mailed in my absentee ballot today https://t.co/vzyPAIHVyP,Detroit,
2020-03-03 19:52:34,Contact us today and have a ‚ÄúSuper‚Äù Tuesday! üòÑ üåÆ #cleanhottub #tacotuesday #supertuesday #supertacos https://t.co/e3lVvmtQoh,"Olympia, WA",
2020-03-03 19:52:34,Here's @JVLast on What to Watch for Tonight on Super Tuesday (üîì) https://t.co/3WPTCmgf60 via @BulwarkOnline,Wherever bad opinions are sold,
2020-03-03 19:52:33,"If you aren't in a super Tuesday state, make some calls to get out the vote for @BernieSanders today! This could be‚Ä¶ https://t.co/KnyQpqLi9b","Queens, NY",
2020-03-03 19:52:32,One of Joe Biden's presidential campaign co-chairs says billionaire Mike Bloomberg will owe voters an explanation i‚Ä¶ https://t.co/DITqJYSQsM,"Providence, RI",
2020-03-03 19:52:30,"Super Tuesday

I‚Äôll take the soup",,
2020-03-03 19:52:29,Tuesday brought maddening news that venture capitalists spent more on WeWork alone than they did on all female foun‚Ä¶ https://t.co/7O85RTgMPd,"New York, NY",
2020-03-03 19:52:28,CA Today: Now conveniently located in the @nytimespolitics live Super Tuesday coverage https://t.co/yWIj1wRF8w,"Los Angeles, CA",
2020-03-03 19:52:26,Happy Super Tuesday! üá∫üá∏üíô https://t.co/OxvOG2dr73,,
2020-03-03 19:52:26,"Super Tuesday states: Poll hours, number of delegates, and more - CNNPolitics https://t.co/ngW2e71oQ2","Pennsylvania, USA",
2020-03-03 19:52:25,@lexnicular @hiphiclub @mattyglesias Again she can push her policies like Bernie did last time despite the fact tha‚Ä¶ https://t.co/4jWMmRPOgE,"Auburn, AL",
2020-03-03 19:52:25,Super Tuesday downballot primary preview: The 2020 election season opens with a very big bang https://t.co/6SJlgxzY58,On the road,
2020-03-03 19:52:22,It's Super Flu Tuesday.,"Allentown, PA",
2020-03-03 19:52:21,"Super Tuesday could leave race even more unsettled, as Biden aims to check Sanders‚Äô momentum  #Breaking‚Ä¶ https://t.co/B4RuuYU298","Glens Falls, NY",
2020-03-03 19:52:14,"Based on projections, Warren should get around 180 delegates after Super Tuesday.","Los Angeles, CA",
2020-03-03 19:52:14,Elizabeth Warren: A Populist for the Professional Class https://t.co/n4MUeJR6ft,Republic of the Philippines,
2020-03-03 19:52:11,Super tuesday has me panic stricken in my bed. sending GOOD VIBES to the bernie campaign,exhaustion,
2020-03-03 19:52:11,March Staff picks are here to put the super in your Tuesday https://t.co/6Df2VPYP11,"Cambridge, MA",
2020-03-03 19:52:10,not a single marvel premiere on super tuesday what the actual h*ck,"South Carolina, USA",
2020-03-03 19:52:09,@nipisheni Super Tuesday,Nairobi,
2020-03-03 19:52:08,@realDailyWire Super Tuesday,,
2020-03-03 19:52:08,"Hey everyone, the weekly #survivortough chat kicks off in about 10 minutes. I hope you can take a break from Super‚Ä¶ https://t.co/nhQ7jvgmVi",Norway,
2020-03-03 19:52:06,Super Tuesday,"San Marcos, TX",
2020-03-03 19:52:03,"you: super Tuesday
me: soup, please",Seattle,
2020-03-03 19:52:02,H/T to @KFILE for this one &gt;&gt; https://t.co/J4brM5D3L6,"Salt Lake City, UT",
2020-03-03 19:52:02,lmao someone stole my wallet on super tuesday the energy of this day is DEMENTED,brooklyn,
2020-03-03 19:52:00,This is why I want @ewarren to stay in the race past Super Tuesday results. Progressives especially Bernie‚Äôs camp n‚Ä¶ https://t.co/GaJ224rTd8,DALLAS,
2020-03-03 19:52:00,"GOOD GRIEF!!!
IT'S SUPER TUESDAY and Bloomberg is campaigning in Florida, even tho FL doesn't vote for weeks?!!?

H‚Ä¶ https://t.co/IIALS9kr4T","Rocklin, CA",
2020-03-03 19:51:59,Super Tuesday? Try Super March. Every Tuesday is a new battle for the nomination https://t.co/yM7o0tBFG0,On the road,
2020-03-03 19:51:59,my shithole red state isn‚Äôt a Super Tuesday state. but i am certain i know who i would be voting for it it were. #supertuesday2020,United States,
2020-03-03 19:51:58,"Today is Super Tuesday and polls close at 7:00pm! As long as a voter is in line by 7:00pm, the voter will be able t‚Ä¶ https://t.co/FfIdCQt8sU","Dumfries, VA",
2020-03-03 19:51:57,SUPER TUESDAY https://t.co/5a0D8p04N4,"West Palm Beach, FL",
2020-03-03 19:51:56,if you know me you know that i usually play it cool no matter how i'm actually feeling. but y'all super tuesday has me ANXIOUS,"Lowellville, OH",
2020-03-03 19:51:55,"@JillFilipovic You forgot:

- Warren is following orders from the DNC to stay in through Super Tuesday to be a Bernie spoiler","Lost Angeles, CA",
2020-03-03 19:51:54,@galenajim1 @JamesOHarte @BrettWHarper @PolybiusChamp @PeteButtigieg @JoeBiden He was obviously coerced by either B‚Ä¶ https://t.co/sTKd3etfTN,,
2020-03-03 19:51:53,Today is Super Tuesday! Have you voted yet? Voting centers are open until 8pm. #LeadbyVoting https://t.co/4HwXwgVcSO,"Utah, USA",
2020-03-03 19:51:52,What Bernie Skeptics Need to Know Before Super Tuesday https://t.co/vWk83fGxBO via @YouTube,USA,
2020-03-03 19:51:52,"Obama endorse Biden yet? No? It‚Äôs Super Tuesday. Surely he would be backing his old chum buddy VP, right?

He hasn‚Äô‚Ä¶ https://t.co/yzUgBGHC8m",,
2020-03-03 19:51:52,super taco tuesday,she/her,
2020-03-03 19:51:51,Voter Mohit Ballaney explains his decision to support Elizabeth Warren this Super Tuesday #MAvotesSU https://t.co/bqf1tqcMao,,
2020-03-03 19:51:50,"Super Tuesday, indeed! Senate Bill 1253 just passed out of the Senate - next stop, the House! Thank you to each and‚Ä¶ https://t.co/YuGprkQqW5",Oklahoma,
2020-03-03 19:51:50,HAPPY SUPER TUESDAY GO VOTE,Philly,
2020-03-03 19:51:46,"My prediction:  Super Tuesday winner
Donald John Trump üá∫üá∏","Florida, USA",
2020-03-03 19:51:44,I need to not think about Super Tuesday for a bit. Saw a friend do this and was inspired to do the same. What colou‚Ä¶ https://t.co/RZXfOJ4uKX,toronto,
2020-03-03 19:51:44,@JoCat105 This is just for the Super Tuesday states right? I keep gettin paranoid that I'm missing out on something‚Ä¶ https://t.co/FrMrMmwG8G,"Oregon, USA",
2020-03-03 19:51:44,Super Tuesday https://t.co/jRbpvuReXB,"Boston area, MA USA",
2020-03-03 19:51:44,"You guys, with the recent dropouts ""Biden is now about twice as likely as Sanders to win a plurality of pledged del‚Ä¶ https://t.co/3Vrr2pPg5M",Under a pile of teddy bears,
2020-03-03 19:51:40,SUPER TUESDAY. SUPER TUESDAY. SUPER TUESDAY.,"Las Vegas, NV",
2020-03-03 19:51:40,oh fuck it's super halo tuesday also,"MetroWest, MA",
2020-03-03 19:51:39,"Picks for Super Tuesday 
Tennessee Kentucky o 131 
Texas +7 
Let‚Äôs start the week off 2-0!",,
2020-03-03 19:51:39,@GlobalProTrader Haha the ol bait and switch üòÇ will be interesting to see if there is much of a reaction to the Sup‚Ä¶ https://t.co/YaSniVgKme,United States,
2020-03-03 19:51:39,Praying Biden and Bloomberg shit the bed here on Super Tuesday,"Buffalo, NY",
2020-03-03 19:51:36,"Anyways, please god go vote today if you're a super tuesday state.",Los Angeles,
2020-03-03 19:51:35,Hello Super Tuesday friends! Are you voting today?,,
2020-03-03 19:51:34,"voted today! 

don't forget to vote if your states part of super tuesday!! üí™‚ú® https://t.co/gefp44kbhQ",,
2020-03-03 19:51:33,"@charliekirk11 @GOPChairwoman She‚Äôs lying. Democrats are doing everything they can to derail Sanders, starting with‚Ä¶ https://t.co/ZWegVT1Dn4",Rust Belt ,
2020-03-03 19:51:33,I‚Äôve been having a heart attack all day with this damn Super Tuesday,Ohio,
2020-03-03 19:51:31,Reminder that more than a third of all delegates for the Democratic National Convention are up for grabs today! https://t.co/BOc9ybK6cs,"Portland, OR",
2020-03-03 19:51:30,"@KimpsonForSC @JoeBiden You can't win if you don't know that Super Tuesday is on Tuesday (not ""Thursday"" ). And tha‚Ä¶ https://t.co/Nacp3XWxA3",,
2020-03-03 19:51:30,"It's Super Tuesday! Polls are open from 7 a.m. to 8 p.m. Thanks to a new state law, you can still register to vote‚Ä¶ https://t.co/hjPFRfXAqc","Oakland, CA",
2020-03-03 19:51:29,"SERIOUSLY SUPER TUESDAY
@elkmontexchange 
@trihopbrewery 
@BucketHeadBar (**NEW TIME**)
@HalfBarrelUT 
Wild Wing Ca‚Ä¶ https://t.co/1WzZwole5D","Knoxville, TN",
2020-03-03 19:51:28,Operation Bernie Block Is in Full Effect https://t.co/06YKuxh226 via @RollingStone,"San Francisco, CA",
2020-03-03 19:51:28,It's super tuesday! follow along with amazing live coverage from @maanvisings and guardian reporters fanned out acr‚Ä¶ https://t.co/8Eoq2kB9Dd,"San Francisco, CA",
2020-03-03 19:51:27,"Super Tuesday district magnitudes!

https://t.co/AiM8RDvh64","Plainfield, California, USA",
2020-03-03 19:51:26,TUESDAY is the day and Brothers Bar and Grill Broad Ripple is the place! Tonight @RedSquad100 continues to keep it‚Ä¶ https://t.co/MpE3AQneI8,Wherever you need us to be : ),
2020-03-03 19:51:25,How did I end up in the one bar in Paris where people are talking about Super Tuesday ?? Give me a break,"Paris, France",
2020-03-03 19:51:24,Y‚Äôall made me cry on Super Tuesday FUck y‚Äôall I need my strength today https://t.co/XeJMm52ZAk,Austin/Hanamura,
2020-03-03 19:51:24,"It‚Äôs Super Tuesday!
GO VOTE!!!!!",Winden,
2020-03-03 19:51:24,happy super tuesday https://t.co/bBm4s3BNJF,she/her,
2020-03-03 19:51:24,High court debates presidential power on Super Tuesday https://t.co/lWw0dueHpc,"North Hollywood, Los Angeles",
2020-03-03 19:51:23,Can‚Äôt wait to see the presents you guys got me for Super Tuesday.,,
2020-03-03 19:51:22,I was the guy who named it Super Tuesday. A bunch of journalists were really frustrated that it didn't have a name‚Ä¶ https://t.co/pwXOHATJEc,,
2020-03-03 19:51:22,"@coreypein That assumes she and Bloomberg have roughly the same number of delegates going in, which is a possibilit‚Ä¶ https://t.co/yIzJHzBvCf",East Bay- CA,
2020-03-03 19:51:21,"Subscribe to @Politico Dispatch

A new podcast with fast analysis of the biggest stories in politics/policy

Congra‚Ä¶ https://t.co/42FzEx8PqM"," Washington, D.C.",
2020-03-03 19:51:21,Super Tuesday States Get out and #Vote https://t.co/gjEfAX8jqn,,
2020-03-03 19:51:20,"I need to get up and deal with this phone shit, I want to have fun today and enjoy Super Tuesday because there migh‚Ä¶ https://t.co/qBxcsCxQLY",Millennials are not teenagers,
2020-03-03 19:51:17,"Happy Super Tuesday, the Tuesday that was bitten by a massively radioactive political system and now it has suoerpowers",,
2020-03-03 19:51:17,Where my Super Tuesday voters at? Who smashed that mf vote button for Bernard Sanders? #Bernie2020 #supertuesday,Florida.,
2020-03-03 19:51:13,I hope everyone in a super Tuesday state Pokemon Go's to the polls and does the right thing in voting for my man Be‚Ä¶ https://t.co/wyHLk1yVPy,"Chicago, IL",
2020-03-03 19:51:13,@CritzRole @MrAndyNgo dont forget to have your mom wash your skinny black jeans and black face mask for super tuesday,,
2020-03-03 19:51:10,@Blancanieve72 @katieglueck @alexburnsNYT Biden knows he is crushing Bloomberg on Super Tuesday,California,
2020-03-03 19:51:10,"Speaking of Super Tuesday, Hitler loved exit Poles","Arlington, VA",
2020-03-03 19:51:08,Live footage of me sliding into your feed to ask you to preorder my book on Super Tuesday and while coronavirus is‚Ä¶ https://t.co/EvlOA0xM0W,"Boston, MA",
2020-03-03 19:51:08,"My three year old @JoeBiden backer just woke up from his nap in a panic.  ‚ÄúDad, did I miss Super Tuesday?‚Äù  Kids are just awesome.","Franklin, IN",
2020-03-03 19:51:08,Joining the race only 100 days before #SuperTuesday Bloomberg has ran with a $500 million campaign while still stat‚Ä¶ https://t.co/27pWPpqJxX,"Austin, TX",
2020-03-03 19:51:06,super tuesday vibes https://t.co/bagqcx6LAk,,
2020-03-03 19:51:04,Super Tuesday! Stars Proudly Display Their 'I Voted' Stickers https://t.co/qH8ovxFk7N https://t.co/T0FUOSATb5,United Kingdom,
2020-03-03 19:51:03,@brendan_herlihy @GailSimone The Gothic Adventures of Super Tuesday‚Äôs Pal: Wednesday Addams!,"Crystal Lake, IL",
2020-03-03 19:51:03,@richardboxy Why have a super six on an fa cup Tuesday night ffs,Leeds,
2020-03-03 19:51:03,I went into this polling place about 20 minutes ago hoping to vote. 1 of 3 voting machines was not in operation. La‚Ä¶ https://t.co/KzLVCQ5DzO,Dallas-Fort Worth,
2020-03-03 19:51:01,"Any recommendations where to watch live super Tuesday coverage?
#VoteForBernie",,
2020-03-03 19:51:01,"""Super Tuesday"" sounds just as American as it gets:
hyperbolic, in your face, the verbiage of a McDonalds deal, sel‚Ä¶ https://t.co/ZBqsNiMJy1",,
2020-03-03 19:50:59,"This super Tuesday we need to vote to make healthcare and seeing the new Pixar movie, ""Onward"" accessible to all Americans",Los Angeles,
2020-03-03 19:50:58,@watspn1013 @orangecowgirl Mussolini Mike will not finish 1st or 2nd in any Super Tuesday state. He's become irrele‚Ä¶ https://t.co/xtpJKsmkbT,,
2020-03-03 19:50:58,"Then a reporter reminded him that Elizabeth Warren remained in the race, not just Bernie Sanders and Joseph R. Bide‚Ä¶ https://t.co/81P9NvXS6R","Durham, NC",
2020-03-03 19:50:57,SUPER TUESDAY: About a third of all delegates will be up for grabs as people head to the polls in 14 states and one‚Ä¶ https://t.co/xnoWPNKUkv,"Hartford, CT",
2020-03-03 19:50:55,Early AM pilates + Super Tuesday has me feeling V feisty and I am picking fights left and right &lt;&lt;shoulder shrug emoji&gt;&gt; #LFG,our nation's cap,
2020-03-03 19:50:55,Spoiler Alert: The winner of Super Tuesday is President Donald Trump.,,
2020-03-03 19:50:55,Me waiting for any sort of Super Tuesday results https://t.co/xicnSs1UgU,"Tucson, AZ",
2020-03-03 19:50:52,"Super Tuesday: With 4 hours before the counts begin, Biden opens big gap in the betting https://t.co/CvfSjaXsB6 https://t.co/qt7rsDko2U",London,
2020-03-03 19:50:52,HAPPY SUPER TUESDAY!!! Excited to announce this super special show @kbanf and o have been working so hard to produc‚Ä¶ https://t.co/jMe0JbozSq,,
2020-03-03 19:50:51,"@Mikel_Jollett I feel like Pete leaving should‚Äôve waited until after Super Tuesday, felt like the dude had a cleare‚Ä¶ https://t.co/eEgFZ6bv7u",New Jersey,
2020-03-03 19:50:50,@Mediaite The last time Hillary came out in public to trash Bernie he gained 10% in the polls. Thank you for your s‚Ä¶ https://t.co/nXVRrzfD4r,Oregon,
2020-03-03 19:50:49,"Sanders Campaign Was Caught Off Guard by Quick Massing of Opposition
https://t.co/cA2PQoP6xB","Seattle, WA",
2020-03-03 19:50:48,"Happy Super Tuesday! Get out there and vote Democrat!

Democratic Election Day Locations (7am ‚Äì 7pm):‚Ä¶ https://t.co/dVMClTkveQ","Denton County, TX",
2020-03-03 19:50:47,I work until 9pm so hopefully I can avoid the super Tuesday result anxiety until its over. I don't even live in the US.,"Ontario, Canada",
2020-03-03 19:50:45,Joe Biden is selling a T-shirt that promotes multiple presidents (sort of) https://t.co/nYWI7p5P5w https://t.co/jKoRdWOhbX,"Salt Lake City, UT",
2020-03-03 19:50:44,"Super Tuesday, so catch me drinking whiskey with my back door open all night","Denver, CO",
2020-03-03 19:50:43,This is more than a stop Bernie movement it is a stop this will of the people who support him and his message.  It‚Ä¶ https://t.co/Q5ITzrqoek,,
2020-03-03 19:50:42,Hillary Clinton calls Bernie Sander's campaign 'just baloney' https://t.co/lJVQSVXaZB,Greece,
2020-03-03 19:50:41,"Today, Super Tuesday, candidates must court votes from states where public opinion on charter schools varies widely.","Washington, DC",
2020-03-03 19:50:41,"Key word plurality of votes win. #Supertuesday2020  
https://t.co/zOzqDKueWe",No lists please!!,
2020-03-03 19:50:40,"Dear super Tuesday, please do not let me down. Let Bernie win. My heart is already crying after the Israeli election",ŸÅŸÑÿ≥ÿ∑ŸäŸÜ,
2020-03-03 19:50:40,Immigrant Rights Group RAICES Action Releases Candidate Scorecard Ahead of Super Tuesday | @latinorebels |‚Ä¶ https://t.co/DURs9MVZhA,"Baltimore, MD, USA",
2020-03-03 19:50:40,"Super Tuesday, get out there! Out best days still lie ahead! #California #SanDiego #SuperTuesday #ElectionDay‚Ä¶ https://t.co/Jr5FcFBS21","San Diego, CA",
2020-03-03 19:50:39,HAPPY SUPER TUESDAY https://t.co/rXY3FjzQby,,
2020-03-03 19:50:39,"On 'Ellen,' Elizabeth Warren Shares What Super Tuesday Could Mean For Her https://t.co/GfHn0rMrw9 https://t.co/P8tjrCiqdc","Stockholm, Sweden",
2020-03-03 19:50:37,WATCH: Super Tuesday 2020 Coverage with Democracy Now! &amp; The Intercept https://t.co/NnC6o3mwYO via @democracynow,Los Angeles,
2020-03-03 19:50:37,Because I cannot vote I'm just gonna spend Super Tuesday browsing the takes on the tl and catching up with the Laurel Halo back catalog,"Oakland, CA",
2020-03-03 19:50:37,Fires and explosions reported at super tuesday. Voters being rushed out. No-one quite sure what's going on.,Brooklyn,
2020-03-03 19:50:36,Super Tuesday cheat sheet: Texas race at a glance https://t.co/ZB5a6gh6x2 #FoxNews,"Texas, USA",
2020-03-03 19:50:34,"Coronavirus Vaccine, Onward, Bobbie Batista, Super Tuesday, Rachel Dratch, Lea DeLaria, Jessie Ware, Travis Wall: H‚Ä¶ https://t.co/N6DYWgKSOL","Stockholm, Sweden",
2020-03-03 19:50:33,Super Tuesday party tonight! Practice run for the real deal in November.,"Austin, TX",
2020-03-03 19:50:30,.@AshleyHomeStore question time: How are you making this Tuesday extra.....super? ü§£üòÜüòÇ,Connecticut,
2020-03-03 19:50:29,super nintendo chalmers tuesday,,
2020-03-03 19:50:27,I just voted in Texas üá®üá± Super Tuesday. üá∫üá∏üá®üá±‚úåüèª‚ù§Ô∏èüé∂ https://t.co/54UFQNZ0oR,"Dallas,Texas",
2020-03-03 19:50:23,"Folks, remember this Super Tuesday that 2020 is not 2016 - it is time to Pok√©mon Sword and Shield to polls","Washington, DC",
2020-03-03 19:50:23,Bernie Sanders‚Äôs Long Weekend on the Way to Super Tuesday https://t.co/UnAVtiD9le via @NewYorker,,
2020-03-03 19:50:20,"Polling locations affected by tornado damage on Super Tuesday
https://t.co/mdlNcP49v5",Tennessee,
2020-03-03 19:50:19,"The race is now between Sanders' movement and his ""message of change"" and Biden's effort to‚Äîin his own words‚Äîmake s‚Ä¶ https://t.co/mRjnyadJZS","Los Angeles, CA",
2020-03-03 19:50:18,"Today is Super Tuesday. Be like Rob &amp; go rock the vote!!! üá∫üá∏‚úîÔ∏è

@RobGiles @Station19 #Station19 @caterinatweets‚Ä¶ https://t.co/OkbUPnsRUc",,
2020-03-03 19:50:17,This is some Hitler shit. https://t.co/hm6aJCZgbp,"Chicago, IL",
2020-03-03 19:50:17,"McNerney endorses Biden for president ahead of Super Tuesday
https://t.co/nTyZxUShOl",,
2020-03-03 19:50:15,The Stop Sanders movement has gone public - CNNPolitics https://t.co/6F3lUvspz1,"Wrightsville Beach NC, Columbia SC, NOLA, Montreal, Boston",
2020-03-03 19:50:15,@HalmMary @DarwunStJames @crzyfkinworld @sdr_medco @RoseSage6 @tRumper0319 @IanPaicepurple @elder_jodi‚Ä¶ https://t.co/HRckH4u6fl,"California, USA",
2020-03-03 19:50:13,super tuesday INDEED https://t.co/ocRBkRdSVg,"Los Angeles, CA",
2020-03-03 19:50:13,"PLEASE go out and vote for Bernie today if you live in a Super Tuesday state and are of voting age.

PLEASE try to‚Ä¶ https://t.co/cZXK81e4Fg",,
2020-03-03 19:50:13,"So according to the WApo, Coronavirus is both the worst thing in the world and also nothing to worry about if you‚Äôr‚Ä¶ https://t.co/g9eZ1jyfwy",Behind you.,
2020-03-03 19:50:12,Former rivals endorse Biden on Super Tuesday eve https://t.co/yhBwzCzuwX,"Fort Smith, AR",
2020-03-03 19:50:12,"Today is Super Tuesday, and this is a very critical day for the 4 relevant campaigns left standing (Sanders, Biden,‚Ä¶ https://t.co/MIQxU28m3P","Granite City, IL",
2020-03-03 19:50:11,Does anyone know what time the first results from Super Tuesday are likely to filter in? And if any British TV channel is doing coverage?,Wakefield,
2020-03-03 19:50:10,"@NYinLA2121 @JoeBiden good, happy Super Tuesday.",N   Y   C,
2020-03-03 19:50:10,.@mattmargolis An intriguing mystery of the election cycle.  Why did Barry withhold his support for his VP?  Reagan‚Ä¶ https://t.co/98tVmudFDF,East of Midnight,
2020-03-03 19:50:09,Have you #voted yet? This #supertuesday we ask that you keep sound #energy #policy in mind as you cast your ballots‚Ä¶ https://t.co/aLkXzz7zbu,Houston/DC/Denver,
2020-03-03 19:50:07,"""That's Spanish for *the Ni√±o*"" he explained... ü§Øüò≠üò† #BloombergBS

https://t.co/YEYzU3OFhg https://t.co/ydLSVrA8rr",,
2020-03-03 19:50:07,My Mainers!! It‚Äôs Super Tuesday and Maine has same day voter registration. Yay!!! Vaccine requirements are also on‚Ä¶ https://t.co/Vfom8Twp2v,Starship Bonnemaprise,
2020-03-03 19:50:07,"Actual video of @KeithBoag writing this terrible article

https://t.co/0uSQdZ37R7 https://t.co/HxROZdrFJR","Ontario, Canada",
2020-03-03 19:50:06,Hopefully all the moderate old people stay home because of the super storms happening in 7 of the super tuesday states. #Sanders2020,"Cleveland, OH",
2020-03-03 19:50:05,Live election analysis: Here's what Memphis voters are saying at the polls | The 901 https://t.co/Zpd8gNmeq5,"Memphis, TN",
2020-03-03 19:50:05,"@no_probIem_ @MochiiGhost Missed opportunity to have it say ""Super Tuesday again?"", but I still like this.","Virginia, USA",
2020-03-03 19:50:04,One suburban voter ‚Äî who has a personal history with Joe Biden ‚Äî asks himself which moderate candidate has the best‚Ä¶ https://t.co/xpSOXgY49C,Washington Bureau,
2020-03-03 19:50:04,Trump zeroes in on Biden gaffes at rally on eve of Super TuesdayThe face of evil and the brain of a chicken ‚Å¶‚Ä¶ https://t.co/pEUEjvYlB6,"Laurel Maryland, USA",
2020-03-03 19:50:04,State-by-State guide to Super Tuesday https://t.co/drvFU4we36,"Fort Smith, AR",
2020-03-03 19:50:04,OMG!!!  It's SUPER TUESDAY!  Drivin' to the Pollin' Place! https://t.co/cG31AeYXzK via @YouTube,,
2020-03-03 19:50:03,'It's tailor-made for him': Bernie Sanders on course to flourish in delegate-rich California https://t.co/5LZZKLj8OL,,
2020-03-03 19:50:03,@JTarenago @ewarren I voted four days before Super Tuesday (Friday). Are you really critiquing (I'm willing to back‚Ä¶ https://t.co/QNVWHRgD3A,"Asheville, NC",
2020-03-03 19:50:03,"‚ÄúIt‚Äôs SUPER DUPER TONGUES OUT TUESDAY!! You‚Äôll see... üëÖ-Max

#max #pug #dog #tongue #vote #celebrate #tongueout‚Ä¶ https://t.co/hcphKsvBIg",,
2020-03-03 19:50:02,"Tuesday Wearing Glasses:
‚ÄúWhat did I miss?‚Äù

Jimmy Olson:
‚ÄúYou JUST missed Super Tuesday!‚Äù

Lois Lane:
‚ÄúHmmmmm....‚Äù","Buffalo,NY /Mississippi State",
2020-03-03 19:50:01,Missing The West Wing on Super Tuesday üíô,"Hobbiton,Wonderland,Discworld",
2020-03-03 19:50:01,I wish I would have called out today. Super Tuesday got my stomach in KNOTS.,510,
2020-03-03 19:50:01,"üö® It‚Äôs #SuperTuesday! üá∫üá∏

Did you vote yet? Which candidate will come out ahead? And who even is @GovBillWeld?

Joi‚Ä¶ https://t.co/DHbfO9jFav","Berkeley, CA",
2020-03-03 19:49:57,How everything suddenly went right for Biden https://t.co/PSDt1AxNFB,"North Bend, WA",
2020-03-03 19:49:56,"IT‚ÄôS A HUGE NEWS DAY. US Fed emergency #coronavirus interest rate cut,Wall St tanks and Super Tuesday in Democratic‚Ä¶ https://t.co/eULrKtmy7h",Canberra,
2020-03-03 19:49:56,It‚Äôs always Super Tuesday for Marvin! https://t.co/lKCVA8T3dT,"Key West, FL",
2020-03-03 19:49:55,Presidential primary voting underway in Eagle County until 7 p.m. Super¬†Tuesday https://t.co/bptCyfAvs2 https://t.co/H6uK0wdiKs,,
2020-03-03 19:49:55,"Centrists Will Still Be Split on Super Tuesday, Thanks to Mike Bloomberg https://t.co/QOzm8nU0Le via @truthout",,
2020-03-03 19:49:53,@HoarseWisperer Biggest turn out ever for a Super Tuesday.,Kansas,
2020-03-03 19:49:53,"@SenWarren Super PAC backing Warren makes $9 million Super Tuesday ad buy
https://t.co/J6q5DBxvVd https://t.co/1DzIWiDsbd",,
2020-03-03 19:49:52,Voters who already cast their ballots for Klobuchar and Buttigieg ‚Äî who both recently dropped out of the race ‚Äî are‚Ä¶ https://t.co/aZ9NZQL73y,"Washington, DC",
2020-03-03 19:49:51,UPDATE: What brought Shelby County/Memphis voters to the polls today? Our reporters have answers here... https://t.co/qWXE3cEXP3,"Memphis, TN",
2020-03-03 19:49:50,"‚ÄºÔ∏èTRUCK TUESDAY‚ÄºÔ∏è
üí• Check out this 2016 Ford Super Duty F-250 DIESEL w/ ONLY 42K Miles. STOCK # F20-174A
üíµ Ask us a‚Ä¶ https://t.co/fPmSt1hZCI","Delaware, USA",
2020-03-03 19:49:44,"@samlawlzor Super Tuesday or even better, Tuesday",,
2020-03-03 19:49:41,"Super Tuesday? One Brit‚Äôs View Of American Politics: ‚ÄúIt‚Äôs Still About The Economy,¬†Stupid!‚Äù https://t.co/ANzj1KOvfX",Estados Unidos,
2020-03-03 19:49:40,Before voting today (Super Tuesday) https://t.co/8C85fgTcIx,,
2020-03-03 19:49:40,"I don‚Äôt live in a Super Tuesday state, but when the time comes, I‚Äôm gonna be voting Bernie. He‚Äôs our last chance at‚Ä¶ https://t.co/OhbgEjC7qQ","Casper, WY",
2020-03-03 19:49:40,What presidential cast album should we play in the office for Super Tuesday?,"New York, USA",
2020-03-03 19:49:39,@DZRishmawy You could even say it is a Super Tuesday to enjoy Him!,,
2020-03-03 19:49:37,@CoronaVirusPI @BNODesk Super Tuesday is the perfect way to spread it too,U.S.A,
2020-03-03 19:49:36,"@BCDreyer @ewarren I‚Äôm used to voting in June, after nominations have been clinched. This whole Super Tuesday thing‚Ä¶ https://t.co/35ez6gSXI4","Santa Clara, CA",
2020-03-03 19:49:36,Mentioned that i was a little anxious because it's super tuesday and i was texting for bernie in therapy today. At‚Ä¶ https://t.co/o03tumyxyf,,
2020-03-03 19:49:35,"Republicans Against Trump, or ""RATs"" as the @GOP would call them, may vote against Trump on Super Tuesday in many s‚Ä¶ https://t.co/hIHceFBwup"," Hamptonville, NC Abingdon, VA",
2020-03-03 19:49:35,"@gdelem @Harvard4Bernie ‚ÄúIn power‚Äù
Bruh he‚Äôs a senator not a dictator 
But hey either way https://t.co/FN2GvzyX54",,
2020-03-03 19:49:33,"A Final, Super Tuesday Appeal to Warren Voters | Common Dreams Views https://t.co/cjrmoaYHNh","Austin, Texas",
2020-03-03 19:49:33,Today is Super Tuesday! Go and vote! Doesn‚Äôt matter for who...just don‚Äôt be a dick about it! @TheDemocrats‚Ä¶ https://t.co/zFlO3E6p7x,"Warwick, RI",
2020-03-03 19:49:33,#Super volunteer group alert üö® Last Tuesday we had a wonderful team of branch managers from Wells Fargo volunteer w‚Ä¶ https://t.co/7YzvkQazqX,"Rockville, MD",
2020-03-03 19:49:32,"@TeamWarren If this is true, and she loses super tuesday, then can we expect her to ""go for the policy"" and support‚Ä¶ https://t.co/P2il1w4aRf",,
2020-03-03 19:49:31,"Join me tonight in Old Town for a Super Tuesday watch party with @JoeBiden's team -- Rep. @JenniferWexton, Rep.‚Ä¶ https://t.co/2M2w6gYfyA",Northern Virginia,
2020-03-03 19:49:31,"I can't wait for tonight's SUPER TUESDAY! 

My popcorn is ready üçøüçøüçøüòÅüòÅüòÅ

#supertuesday #supertuesday2020 https://t.co/z3AQjcCd0R",,
2020-03-03 19:49:30,Some super rare California retail on Super Tuesday. Biden in a packed Oakland diner while a small gathering of Bern‚Ä¶ https://t.co/A3uKY1vmkw,"Washington, DC",
2020-03-03 19:49:29,@_curlytrill Some part of my brain was letting me off the hook after super Tuesday but now it‚Äôs sinking in I‚Äôll be phoning for some time.,Payahuunadu,
2020-03-03 19:49:26,@benshapiro ben when does your super tuesday livestream start?,,
2020-03-03 19:49:25,"AYE YO PEEP MY BLOOD @Kourtney_Hall COVERING SUPER TUESDAY ON COX CHANNEL 125 AND ON UCENTRAL FACEBOOK
#YAKWTFGO",okc | atl,
2020-03-03 19:49:25,Elizabeth Warren makes final Super Tuesday push at East L.A. College rally https://t.co/UyhPCkR6jc,"Irvine, CA",
2020-03-03 19:49:24,it‚Äôs SUPER TUESDAY! Make sure to go out and vote.,,
2020-03-03 19:49:23,@NBCThisisUs Will the show air tonight or is it being pre-empted by Super Tuesday Election coverage??,"Cranston, RI",
2020-03-03 19:49:19,"February was an insane month and I‚Äôm hoping to get back into a regular sleep schedule this month, starting tonight.‚Ä¶ https://t.co/z93smr3B25","Washington, DC",
2020-03-03 19:49:19,"Super Tuesday is a really fucking shitty superhero. ""Voting"" isn't a superpower, anyone can do that.",Carson's Chest,
2020-03-03 19:49:18,"It's not just the presidential race. 
#SuperTuesday https://t.co/ZylMaLYvmV",,
2020-03-03 19:49:18,"The hugely influential ‚Äî and complicated ‚Äî California primary, explained https://t.co/lq73jKCx8t","Valley Forge, PA",
2020-03-03 19:49:17,Also vote for Bernie Sanders in your state on this Super Tuesday üôèüíó #NotMeUs #SuperTuesday #M4A #BernieSanders,"Disco Heaven, Halifornia",
2020-03-03 19:49:17,Just voted in the Super Tuesday open Tennessee Primary - went there with my special voting tshirt and got my sticke‚Ä¶ https://t.co/2X1vbL613B,"Tennessee, USA",
2020-03-03 19:49:16,"Super Tuesday! If you‚Äôre in a state holding a primary today, get out and vote!!! P.S. wanna know why there‚Äôs no eli‚Ä¶ https://t.co/ccODpJwGdN","Ann Arbor, Michigan","{'type': 'Point', 'coordinates': [-83.7821, 42.16673]}"
2020-03-03 19:49:16,@SusanHershSmith @GOPLeader You obviously can't read. The vote has been delayed until after super Thursday sorry Tu‚Ä¶ https://t.co/c6OxCIz7xq,,
2020-03-03 19:49:14,"On this Super Tuesday, as I see the tweets fly, all I can do is look to my copy of Kelly's ""The Great Mortality"" an‚Ä¶ https://t.co/f0kbJds2bv",,
2020-03-03 19:49:13,Very interesting analysis to read over while results are pending. https://t.co/8gWPW0wEII,"San Diego, CA",
2020-03-03 19:49:11,Sanders responds to Warren claim he fails to get things done with two-minute list of things he got done https://t.co/OEZuPXc09n,,
2020-03-03 19:49:11,processing super tuesday in a very healthy way https://t.co/F3TdZLDNIr,she/her,
2020-03-03 19:49:10,@RaniaKhalek There are lots of things that Silver obviously has not factored in such as a lack of Biden ground game‚Ä¶ https://t.co/77u9TRvrPy,,
2020-03-03 19:49:09,Super Tuesday suddenly a Biden-Sanders matchup | Just The News https://t.co/5od2g71awm,DFW area,
2020-03-03 19:49:06,EACH &amp; EVERY TUESDAY‚ÄºÔ∏è SO COME CHECK US OUT‚ÄºÔ∏è'PLUSH BAR &amp; GRILL (FORMALLY EJ‚Äôs SPORTS BAR &amp; GRILL) 4000 BESSEMER SU‚Ä¶ https://t.co/MeBihWsJoD,"Alabama, USA",
2020-03-03 19:49:05,"A state-by-state breakdown of what to watch for on Super Tuesday, where 15 contests are up for grabs https://t.co/p1nQgbSlER","Phoenix, AZ",
2020-03-03 19:49:05,"Super Tuesday in CO! I voted for @ewarren Dream Big, Fight Hard! https://t.co/k5IksUcgC6","Denver, CO",
2020-03-03 19:49:05,@amyklobuchar @JoeBiden Interesting how amy would drop out right before super Tuesday. With all that work in the ca‚Ä¶ https://t.co/cNQuZJKJHt,"Minnetonka, MN",
2020-03-03 19:49:04,Kinda embarrassed but luckily I caught it in time before I stepped foot on church grounds without a valid reason. I‚Ä¶ https://t.co/EgnWWxT559,"Biloxi, MS",
2020-03-03 19:49:04,"@DannDeMaina @juanpeligroso @lib_rarian @SleepyDjango @ewarren Yeah, that guy is right. You‚Äôre missing the forest f‚Ä¶ https://t.co/EmN7BRnJTL",,
2020-03-03 19:49:02,"TODAY! Super Tuesday states, let‚Äôs VOTE! https://t.co/Gp9YRAx0NI https://t.co/jkKkS5lYWv",Southern California,
2020-03-03 19:49:01,"@DLoesch MT: Super Tuesday &amp; final stand against socialist wave within the DNC, coronavirus, lots more. On air now.‚Ä¶ https://t.co/Hv928sWMQt",Midwest,
2020-03-03 19:48:58,"Why is #SuperTuesday important?

Super Tuesday is the day, after months of punditry and only a few actual votes, wh‚Ä¶ https://t.co/iCjqxxfAUc","New York, NY",
2020-03-03 19:48:56,What does this mean on super tuesday? You can't vote for both! https://t.co/4zMGzECHwt,,
2020-03-03 19:48:56,insisting we turn this #SuperTuesday up to Super Tuesday 64 until i'm shot,Online,
2020-03-03 19:48:56,"Super ‚Äòtired‚Äô Tuesday 

#isitfridayyet 
#labradorretriever https://t.co/Itfp4JXJmz",,
2020-03-03 19:48:55,Super Tuesday calls for Super Tacos!!!,,
2020-03-03 19:48:53,"It's Super Tuesday! If you haven't voted yet, check out our 2020 primary election guide to make an informed choice‚Ä¶ https://t.co/LxNBb2DwYo","Riverside, CA",
2020-03-03 19:48:52,They should move Super Tuesday to Saturday night.,"Los Angeles, California",
2020-03-03 19:48:50,happy super TUESDAY! Go VOTE!,au$tin flexa$üåà,
2020-03-03 19:48:50,Super Tuesday! #StrikeReady https://t.co/R1glprMoOy,San Francisco,
2020-03-03 19:48:49,Nashville Opens ‚ÄòMega Sites‚Äô For Voters To Cast Super Tuesday Ballots https://t.co/lkSclrfqtJ,Nashville,
2020-03-03 19:48:49,"This should just be titled ""Super Tuesday Popcorn"" (not to be confused with Cornpop).

https://t.co/tDREeOZwhA",United States of America,
2020-03-03 19:48:48,pokemon super tuesday and ultra wednesday,,
2020-03-03 19:48:47,@paulkrugman I see a different 5iveThirtyEight than you‚Äôre seeing: https://t.co/Wuj8KD6R9O,Across the Universe,
2020-03-03 19:48:45,"Man, I love politics. Super Tuesday is like the Super Bowl if whoever won the Super Bowl got to decide whether to s‚Ä¶ https://t.co/dWYzGqm9Jc",Los Angeles (formerly Seattle),
2020-03-03 19:48:44,Bloomberg in Miami today (not in a Super Tuesday state). Must be shopping for more mayors. Miami is known to have s‚Ä¶ https://t.co/oCVMn2G2fp,Miami,
2020-03-03 19:48:40,Who will win the California primary? Counting mail-in votes can take days or weeks. - https://t.co/8kDOgq7xl8‚Ä¶ https://t.co/kr6MmE4Z5V,,
2020-03-03 19:48:38,"Update: Junot is excited about Super Tuesday 

üó≥ üê∂ https://t.co/xJqP6q8CGa",,
2020-03-03 19:48:37,We hope you have a SUPER Tuesday! #wolife #websterorthodontics #lasvegasknights https://t.co/yYI6pB1jHe,"Las Vegas, NV",
2020-03-03 19:48:34,"Texas Super Tuesday Guide: How To Vote, Polling Locations And More! https://t.co/Urnl8tmXkn https://t.co/6WA0UQ4B69","Indianapolis, IN",
2020-03-03 19:48:33,"Biden Reclaims National Lead With Buttigieg, Klobuchar Exits
36% of Democratic primary voters back the former VP as‚Ä¶ https://t.co/nGCFfzpBBH",Syracuse,
2020-03-03 19:48:31,"Biden, Bernie's Super Tuesday brawl to shape Democratic race https://t.co/aUEQa3QpxH","Dallas, TX",
2020-03-03 19:48:28,Celebrate Super Tuesday at @rubytuesday by eating four salads and taking a dump.,Maryland,
2020-03-03 19:48:28,Democrat Super Tuesday worse on the stock market than their embargo day yesterday which resulted in largest single‚Ä¶ https://t.co/MQeXeZV1Mb,"Wuhan, China",
2020-03-03 19:48:28,"@3ManFront how can you forget about the amendment on the ballot this SUPER TUESDAY -- ""should the 'Iron Bowl' desig‚Ä¶ https://t.co/kL4TmH6n52",,
2020-03-03 19:48:26,Happy Super Tuesday to all the political nerds far and wide.,,
2020-03-03 19:48:25,@SpeakerPelosi What a scam‚ÄîSpeaker Pelosi held up the vote on coronavirus funding so that her campaign team could r‚Ä¶ https://t.co/0GxxuLMdW7,,
2020-03-03 19:48:24,On today‚Äôs Super Tuesday ballot: the millennial¬†aesthetic https://t.co/iscAz1dnNe,,
2020-03-03 19:48:23,The @DIpolitics crew is out and about across the U.S. covering Super Tuesday! Stay tuned for our coverage and follo‚Ä¶ https://t.co/IiuW8OWAw2,The Chicago suburbs ‚û°Ô∏è IC,
2020-03-03 19:48:22,"I feel like ""Super"" might be too strong of a descriptor for any Tuesday.","√úT: 41.276232,-95.995638",
2020-03-03 19:48:21,"üëèüèº DO üëèüèº NOT üëèüèº GET üëèüèº COMPLACENT üëèüèº #VoteForBernie #SuperTuesday

https://t.co/mFaVwMWTMI","Boston, MA",
2020-03-03 19:48:20,"@ForecasterEnten i love super tuesday harry. letting loose, let me guess you're having popeyes and dominoes tonight!",,
2020-03-03 19:48:19,"@realDonaldTrump gonnabe an upper day because of Super Tuesday????

TICK TOCK&gt;&gt;THE DAYS OF AUGUST COME CLOSER

THE WHITEMAN GROUP",,
2020-03-03 19:48:18,"Seeing folks in Super Tuesday states who say they were going to vote for Warren, but since it looks like it's betwe‚Ä¶ https://t.co/ViI0AS3A5k",,
2020-03-03 19:48:17,"I can‚Äôt write a thesis, follow the coronavirus outbreak, report on sports betting in NY, AND tune in for Super Tues‚Ä¶ https://t.co/KVypNFcGbo","Manhattan, NY",
2020-03-03 19:48:16,Let's help Josh Aubuchon (@jda007) make it to the Sweet 16 in @Fla_Pol's #TallyMadness! A Super Tuesday vote we can‚Ä¶ https://t.co/vuFpTHvj8z,"Tallahassee, Fla. ",
2020-03-03 19:48:15,Super Tuesday üå™,"New York, USA",
2020-03-03 19:48:13,Woman who lost face in bear attack on why she‚Äôs now voting for Bernie Sanders https://t.co/FtXYseVUE0,"Rotterdam, The Netherlands",
2020-03-03 19:48:13,Hillary Clinton talks about Super Tuesday and the Democratic presidential race in GMA interview  https://t.co/1GUyDJasB6,"Los Angeles, Ca",
2020-03-03 19:48:12,Ngl this whole Super Tuesday thing has me feeling very left out,,
2020-03-03 19:48:11,"A Super Tuesday update from my only gen-z friend, @biancaleegarcia: https://t.co/02qHI2KcuL","Brooklyn, NY",
2020-03-03 19:48:11,Now THIS is a Super Tuesday! https://t.co/KdgYLaEskg https://t.co/ufYARDrtmS,Chicago,
2020-03-03 19:48:10,@prokchorp We are all internally melting down. Do you want to be on the Super Tuesday internal meltdown DM?,Crescent City Paradiso,
2020-03-03 19:48:10,"@maitlis @BBCJonSopel Hi both, I was just wondering at what time UK time can we expect today‚Äôs Super Tuesday result‚Ä¶ https://t.co/1fIETGr0Z2","B√©al Feirste, Ireland",
2020-03-03 19:48:09,Do people have their ballots thrown out if they post pictures of their vote to social media for Super Tuesday or is‚Ä¶ https://t.co/Ojl84WrD57,"(He/Him, They/Them)",
2020-03-03 19:48:07,@__PettyBetty__ Ohio is the 17 for Super Tuesday,Ohio ,
2020-03-03 19:48:06,Can‚Äôt wait ‚Äòtil Super Tuesday is over so we can all come together to keep Joe Kennedy III out of the Senate.,"Massachusetts, USA",
2020-03-03 19:48:06,"Super Tuesday is likely to be followed by another relief rally in health-care stocks, a Goldman Sachs analyst predi‚Ä¶ https://t.co/u5X8bIeJtt",,
2020-03-03 19:48:05,Super Tuesday preview: what to really expect from today‚Äôs results https://t.co/5R80kCmkdV via @PalmerReport,"Ile-de-France, France",
2020-03-03 19:48:03,when taylor tweets about nialls cover before super tuesday and swiftes get mad,ellen claremont‚Äôs america ,
2020-03-03 19:48:02,@yagottagotomo He's not eligible and I don't think he's even on any of the Super Tuesday ballots.,"Del Ray Alexandria, Va.",
2020-03-03 19:48:01,"Bernie Sanders is campaigning against the billionaire class, and the billionaire class is campaigning against‚Ä¶ https://t.co/9oYhqBWnLH",,
2020-03-03 19:48:00,the super tuesday content i need. thank u gabe https://t.co/NsBh2gjxe5,NYC from LA,
2020-03-03 19:47:59,Big Super Tuesday is Here!! @MrazCBS @zlotsports @AlxFlmng all join me today!! 3-6 pm @SportsRadio1560 https://t.co/8isGcD0ZPu,"Melbourne & Orlando, FL ",
2020-03-03 19:47:58,I have therapy right as the super tuesday results come in and this feels extremely fitting,"Brooklyn, NY",
2020-03-03 19:47:58,"It‚Äôs Super Tuesday üá∫üá∏ click the link to find out where your local polling is ‚ù§Ô∏èüíô don‚Äôt let out country flop again 
https://t.co/uaCMU89OY5",,
2020-03-03 19:47:58,"In the words of my Friend @AliyaIceCold  IN the following states VOTE 
IT‚ÄôS SUPER TUESDAY üí™üèΩüí™üèΩüí™üèΩ
#pqradio1‚Ä¶ https://t.co/6y2q92uKeC","C-City...Philly, Worldwide",
2020-03-03 19:47:56,IT'S SUPER TUESDAY - LET'S VOTE DR. GRACE FOR DISTRICT 41! - https://t.co/EhkJPukLB4 https://t.co/4KBNmkVch6,California District 41,
2020-03-03 19:47:53,"vote for universal healthcare, livable wages, and the green new deal this Super Tuesday https://t.co/IPA17PvbRU",,
2020-03-03 19:47:53,super tuesday mood https://t.co/Ku3L0GUKAh,portaling around the community,
2020-03-03 19:47:50,Dont forget today is Super Tuesday... key states will vote for their democratic nominee to run against Trump in Nov‚Ä¶ https://t.co/oObT4LAQxi,"Fife, Scotland",
2020-03-03 19:47:48,Sanders Campaign Was Caught Off Guard by Quick Massing of Opposition https://t.co/1jrE0DTt0g,"Virginia Beach, VA",
2020-03-03 19:47:47,"@HotlineJosh I'll go with Sabato's assessment.
https://t.co/cSz4kKCYM9","Illinois, USA",
2020-03-03 19:47:47,@X22Report Isnt it strange on Super Tuesday that a tornado without notice just ripped through Tennessee??üôÑü§î,,
2020-03-03 19:47:46,"@dcexaminer @SpeakerPelosi @realDonaldTrump Nancy, why are you lying? You held up finds for the Corona virus so you‚Ä¶ https://t.co/nc9aaFQSE1",,
2020-03-03 19:47:46,"@krystalball In a moment of confusion, Joe Biden holds a Super Tuesday press conference to announce his endorsement‚Ä¶ https://t.co/uvLJOeTaAp","Fort Collins, CO",
2020-03-03 19:47:45,Join us afterward for a Super Tuesday Watch Party with @arlingtondems over at William Jeffrey‚Äôs Tavern on Columbia‚Ä¶ https://t.co/poYwpVlME2,"Arlington, VA",
2020-03-03 19:47:43,"Tomorrow I will be embarking on a mission to track down @BigSteve207 the DC Sleuth, a day after Super Tuesday. I wi‚Ä¶ https://t.co/703Y5Uz0Vd",,
2020-03-03 19:47:42,I can't believe how long we used to wait to vote in the primary in CA. Even changing to Super Tuesday means the pun‚Ä¶ https://t.co/FhsxmAHWLq,,
2020-03-03 19:47:42,"BREAKDOWN: Super Tuesday Special: What Us Election Outcome Is Best for Bitcoin?

Today is Super Tuesday - the bigge‚Ä¶ https://t.co/dsRL00ibiQ",,
2020-03-03 19:47:42,"Just some of our AYDs exercising their civic duty on Super Tuesday! üíô #SuperTuesday #HereforErik

Remember that pol‚Ä¶ https://t.co/jUptnGeYwg","Arlington, VA",
2020-03-03 19:47:40,"Final Polls Show Joe Biden Leading 7 Of 14 Super Tuesday States, Retaking Nationwide Lead After South Carolina https://t.co/I29vagJhtJ",,
2020-03-03 19:47:40,@neeratanden try not to win super tuesday states if you want our support bernie!,"Portland, OR",
2020-03-03 19:47:39,Deadly Tornadoes Slice Through Tennessee Killing At Least Seven https://t.co/VTVZEMRCxj,"San Jose, CA",
2020-03-03 19:47:38,Best way to muscle through Super Tuesday returns,Crescent City Paradiso,
2020-03-03 19:47:38,"Instead of spending Super Tuesday with voters, @ewarren is spending it with the Israel lobby. Shameful. https://t.co/kuV2pNLnlF","Nevada, USA",
2020-03-03 19:47:38,"If you live in one of these Super Tuesday states please get out and VOTE today!
‚Ä¢
‚Ä¢
‚Ä¢
#zetajune #vote #vote2020‚Ä¶ https://t.co/aNyrnf8F2F","Denver, CO","{'type': 'Point', 'coordinates': [-105.5, 39.0]}"
2020-03-03 19:47:37,Today is Super Tuesday and I'm very excited to watch the results come in tonight!!!!!!!! https://t.co/r2ciipAJRo,,
2020-03-03 19:47:36,Visualization is power. This couldn‚Äôt be more relevant on Super Tuesday https://t.co/xVNkl9NWsm,"Ann Arbor, MI",
2020-03-03 19:47:36,It‚Äôs #SuperTuesday! Let your vote be heard. Find up-to-date polling information in #ATX here: https://t.co/WtXBftuyDm,"Austin, Texas",
2020-03-03 19:47:35,@anniebabobannie She has no momentum and is falling behind in polls. She cannot vin the ballot over Biden or Bernie‚Ä¶ https://t.co/Lgo6RiudiQ,"Nablus,Palestine",
2020-03-03 19:47:35,Frankly I feel like if you‚Äôve been supporting Warren all this time and bailed on her on Super Tuesday b/c she‚Äôs not‚Ä¶ https://t.co/FSy9pqIUhj,Northern New England,
2020-03-03 19:47:33,It's Super Tuesday and if you haven't registered to vote it's not too late. Be sure to bring a valid ID to any vote‚Ä¶ https://t.co/PYK2uEMEAB,"Colorado Springs, Colorado",
2020-03-03 19:47:32,Black Voters have a Super Tuesday dilemma in Alabama and so does Joe Biden. https://t.co/jFSGM8xmrs via‚Ä¶ https://t.co/lXOOqq4nOb,Alabama,
2020-03-03 19:47:30,Did Mike Bloomberg waste $500 million running for president? We‚Äôre about to find out. https://t.co/XwaxR0PB8U,NY,
2020-03-03 19:47:29,Our Final Forecast For Super Tuesday Shows Biden's Surge -- And Lots Of Uncertainty https://t.co/aNrqvKNSfq,"Fairfax, CA",
2020-03-03 19:47:27,HAPPY SUPER TUESDAY MAKE SURE YOU VOTE https://t.co/NvXKTVSJUZ,‚ô•Ô∏èüìçdevon ,
2020-03-03 19:47:26,Super Tuesday mood https://t.co/MpYCyQn3zv,"Portland, OR",
2020-03-03 19:47:25,"It wasn't that Biden didn't know it, it was that he had to be politically correct and as a good Democrat he can not‚Ä¶ https://t.co/dp8ac1MYWZ",Michigan,
2020-03-03 19:47:24,Super Tuesday brings a supersized election security challenge https://t.co/4uQRHAS3yQ via @politico and Trump and M‚Ä¶ https://t.co/Xf1f2rOUKf,,
2020-03-03 19:47:21,"It's Super Tuesday, today I cast my vote for @JoeBiden! Hes the only one I believe that will be @realDonaldTrump!","Lorton, Virginia",
2020-03-03 19:47:21,Montgomery County residents cast their ballots as part of #SuperTuesday. https://t.co/FJrxKgnAPx https://t.co/cSnVNyoW0t,"Houston, Texas",
2020-03-03 19:47:20,"Super Tuesday‚Äôs hot congressional races: Sessions, Issa and more mount comeback bids

https://t.co/XtKaauE6gk",United States,
2020-03-03 19:47:20,"@ZenaBean5 @bethwarren26 She won‚Äôt make it if all her supporters go for someone else, that‚Äôs for sure! She is the r‚Ä¶ https://t.co/fjwR589Pi1","San Diego, CA",
2020-03-03 19:47:19,@3onyourside Trump not responsible for Super Tuesday tornadoes,,
2020-03-03 19:47:18,@CBSNews Trump is way ahead on Super Tuesday too,,
2020-03-03 19:47:17,Voting selfies and pups at the polls: Super Tuesday edition  https://t.co/eG6Vxwgjm8,"Snyder, New York",
2020-03-03 19:47:17,@EricYen20 @Whiteboardpoets @AndrewYang Yes it's different when uniting the party after the dnc to defeat trump or‚Ä¶ https://t.co/NlvlolQJGm,"Arlington, TX",
2020-03-03 19:47:17,"How Super Tuesday could go:
1. We are living in a simulation and the model is exactly right in every state and cong‚Ä¶ https://t.co/gvefJ8JsyH","New York, NY",
2020-03-03 19:47:16,"@Puddint98189337 Yes Pam I agree with you. Trump patriots get out and vote today, Super Tuesday.",,
2020-03-03 19:47:16,@ChrisEvans Ooohhhh yess can‚Äôt wait for A Starting Point very proud of you! üëèüëè hope you voted for Super Tuesday!!üíô,Somewhere in northern italy,
2020-03-03 19:47:15,Bloomberg accuses Sanders of changing the rules when it was Bloomberg who had the DNC change the rules so he could enter Super Tuesday.,America,
2020-03-03 19:47:13,@KittyBlowsGlass @BernieSanders I don‚Äôt live in a Super Tuesday state.,washington dc ,
2020-03-03 19:47:13,Super Tuesday!!! https://t.co/qndGmhRrX4, USA,
2020-03-03 19:47:12,8 Things to Watch on Super Tuesday - https://t.co/D45a0HQ5qr,,
2020-03-03 19:47:12,bro i thought Super Tuesday was just called Super Tuesday cuz it‚Äôs superüò≠üò≠üò≠üò≠ not because of voting,me love chocolate,
2020-03-03 19:47:12,Happy Super Tuesdayüíô https://t.co/kGgMznQ8ol,,
2020-03-03 19:47:05,"on this super tuesday, it is important to remember that greg kinnear played joe biden in a movie and you can never‚Ä¶ https://t.co/krOGEaa7HO","Columbus, OH",
2020-03-03 19:47:04,"Please vote for Elizabeth Warren! That‚Äôs it, that‚Äôs the tweet. Happy Super Tuesday!",,
2020-03-03 19:47:04,Happy Super Tuesday! It‚Äôs so important to vote for what you want! Please go out &amp; vote!!!,"Colorado, USA",
2020-03-03 19:47:04,"Whew, so it‚Äôs Super Tuesday. Due to extremely shitty coverage from our white male media, today‚Äôs voting has been di‚Ä¶ https://t.co/KrWPAv0W3M",Gentrified Out,
2020-03-03 19:47:04,How reputation is the biggest factor for Super Tuesday https://t.co/3mCiUzS8WP https://t.co/M8UetruHIt,Where & How May We Help You?,
2020-03-03 19:47:04,Super Tuesday: With just over four hours to go before the counts begin Biden opens big gap in the betting‚Ä¶ https://t.co/IVlLBWT8Ji,"Chester, England",
2020-03-03 19:47:03,"@MarkPaulCalvin1 @esaagar @krystalball Yes! LIVE Super Tuesday SHOW of #RISING with 
@krystalball
 &amp; 
@esaagar
 at 9PM EST on Youtube!","Washington, D.C.",
2020-03-03 19:47:03,@tigermlk_ @TheStagmania @BernieSanders Nor had Bill Clinton going into Super Tuesday in 1992.  And even then he only won a couple.,"Denver, Colorado",
2020-03-03 19:47:01,Super Tuesday is set to shape the rest of the Democratic primary campaign. https://t.co/KWMBaw91Kb,"Baltimore, MD",
2020-03-03 19:47:00,The threat of coronavirus inspired South Burlington election workers to set up a jug of hand sanitizer at a polling‚Ä¶ https://t.co/oVvr0ti5aP,"Montpelier, VT",
2020-03-03 19:47:00,@jbf1755 I‚Äôve muted hashtag Super Tuesday until tomorrow morning. Helped a great deal,"Tempe, AZ",
2020-03-03 19:46:56,It's a super Tuesday to subscribe to the Steel Angel Studios YouTube channel! New content is being prepared for tom‚Ä¶ https://t.co/btSpYsxeft,"Omaha, Nebraska",
2020-03-03 19:46:56,Beginning to question what's so super about this Tuesday,brittany@yahoonews.com,
2020-03-03 19:46:54,Super Tuesday live updates: Voting underway on crucial day for Democratic White House hopefuls -‚Ä¶ https://t.co/G1xUEKdVXD,The White House,
2020-03-03 19:46:54,"""It's Super Tuesday!""¬†
Don't forget to vote today California.  #SuperTuesday https://t.co/jtNaxpv9U4","Los Angeles, CA",
2020-03-03 19:46:54,Since it‚Äôs Super Tuesday https://t.co/odkAVi5lfN,,
2020-03-03 19:46:53,@bernard_ &amp; he got the most votes in Iowa bc of immigrant workers and Latinos. He won NV bc of he working class and‚Ä¶ https://t.co/BoA5twe7aV,occupied Comanche/Wichita land,
2020-03-03 19:46:52,I apologize for any Super Tuesday Ranting that's happened recently! I don't intend to stay political here,,
2020-03-03 19:46:51,i voted for bernie last week because my brain was on bimbomode and i thought super tuesday was last week and im sti‚Ä¶ https://t.co/TVzgtVGCH0,santa destroy,
2020-03-03 19:46:50,happy Super Tuesday! https://t.co/kpCQxmfgZl,,
2020-03-03 19:46:49,What Bernie Skeptics Need to Know Before Super Tuesday https://t.co/UNCsVJtpHc via @YouTube,"Btekhnay, Lebanon",
2020-03-03 19:46:49,"@MsCrisis nothin' i'm chillin, super tuesday is the worst lol","Seattle, WA",
2020-03-03 19:46:45,#voteforbernie Super Tuesday states!,,
2020-03-03 19:46:45,feeling tired and excited to hear about the results of super tuesday so i will be fast forwarding to tomorrow throu‚Ä¶ https://t.co/vJQFebNc6A,"Dijon, France",
2020-03-03 19:46:44,okay the only thing I've done in the past 72 hours that isn't stumping for @HeidiSloanForTX and Bernie is play the‚Ä¶ https://t.co/laQvJqx7Xk,"Austin, TX",
2020-03-03 19:46:42,Mike Bloomberg gets testy after being pressed about dropping out of the presidential race. https://t.co/PjYyyy3qq0‚Ä¶ https://t.co/SIxiGWpOz7,"Albuquerque, NM",
2020-03-03 19:46:42,anyone else feeling a deep sense of existential dread on this fine super tuesday,USA,
2020-03-03 19:46:41,super tuesday mood board https://t.co/2UeKVlu8ZD,,
2020-03-03 19:46:40,"Super Tuesday: Reports of long lines, down machines across Fort Worth area https://t.co/TAwr89GdEr","Westchester County, NY",
2020-03-03 19:46:40,"@voxdotcom @ewarren She is not that different than the establishment. 
She does not care that the front-runner is m‚Ä¶ https://t.co/vqXUhfllmK",,
2020-03-03 19:46:40,Yes! LIVE Super Tuesday SHOW of #RISING with @krystalball &amp; @esaagar at 9PM EST on Youtube! https://t.co/DBY90o5aGK,"Washington, D.C.",
2020-03-03 19:46:38,"The 5 most likely Super Tuesday scenarios

https://t.co/gsG6Z80CRr","Buffalo, NY",
2020-03-03 19:46:38,It‚Äôs Super Tuesday and Bernie needs me,"Orlando, FL",
2020-03-03 19:46:33,"Couple of Super Tuesday bets:

Bernie wins Illinois +125
Biden wins west Virginia -110
Bernie wins Connecticut +100

Possibly more pending.","San Jose, CA",
2020-03-03 19:46:33,"Happy Super Tuesday! Even though many of our students are not yet eligible to vote, we are inspired by the passiona‚Ä¶ https://t.co/wCfKKkpIx2",Dover Sherborn High School,
2020-03-03 19:46:33,@klnassie @meesha28710789 @TippytopshapeU @davidjdurkin4 @MarilynLavala @ItsOnlyDawn @Calvin4511 @ISafeyet‚Ä¶ https://t.co/OafTAnhfGk,,
2020-03-03 19:46:32,If super tuesday goes badly I'm probably gonna start liveblogging today just to ignore politics. If things go well.‚Ä¶ https://t.co/h1uuSdxhgs,USA,
2020-03-03 19:46:31,@BillLaboon I'm ashamed to admit that I haven't even put up the Super Tuesday tree yet.,"Grosse Pointe, Michigan",
2020-03-03 19:46:29,It's super Tuesday! I went out and voted. I'm extremely upset about the closing of voting areas in Texas though. Wh‚Ä¶ https://t.co/XVCGoTTT1X,,
2020-03-03 19:46:29,"We‚Äôre not a ‚Äúsuper Tuesday‚Äù state, but it‚Äôs a SUPER TUESDAY in our little corner of flyover country. Sunny skies, l‚Ä¶ https://t.co/BtkwOjoAmI",,
2020-03-03 19:46:28,"OK I'll bite, what the fuck is ""super Tuesday""",,
2020-03-03 19:46:28,"Catch Mr. Zogby on CBC News Network's Andrew Nichols discussing Super Tuesday #supertuesday2020 

https://t.co/Nyy85dsPs5","Utica, NY and Washington, DC",
2020-03-03 19:46:28,@anamariecox @rpbp Obadiah has a lot of concerns but hopes all the people in Super Tuesday states will go out and v‚Ä¶ https://t.co/CQ6WPT6A0s,,
2020-03-03 19:46:24,@WyrdGrl @mkabhijit2 @MycoJonathan @Turtle2Pond @grumpybirdieS She‚Äôs polling below 5 percent. On Super Tuesday,,
2020-03-03 19:46:22,"Oregon is not voting until May and this Tuesday isn‚Äôt super. (Thanks, David.) I hope your Tuesday is super, and tha‚Ä¶ https://t.co/CeymCBIdKT",,
2020-03-03 19:46:20,@NAudrey_ST @apathetic_NY @blainekell6 @58_jann @HalmMary @Mayo4Mz @MrsRabbitResist @gr8fulchik @graciegrace80‚Ä¶ https://t.co/MI4X0PqYRo,"California, USA",
2020-03-03 19:46:19,"Going live on @WatchMixer! Another day of @PlayApex. Come hang out on this Super Tuesday of Tacos!! 

#mixer‚Ä¶ https://t.co/u4WJfa7XEn","Greensboro, NC",
2020-03-03 19:46:19,I might stream earlier than usual tonight since I'm a sucker for politics and want to check out the results of Super Tuesday in real time.,St. John's,
2020-03-03 19:46:18,Super Tuesday: Voters across the country head to the polls in key day of primary elections #SuperTuesday https://t.co/4zOxUmst6e,westeros.,
2020-03-03 19:46:17,At least my birthday isn't the day after Super Tuesday.,Denver,
2020-03-03 19:46:17,Elizabeth Warren and Her Fans Reject Two-Man Race on Super Tuesday (@themattwilstein / The Daily Beast)‚Ä¶ https://t.co/BCfJIrFZT3,United States,
2020-03-03 19:46:17,"Super ""Shit-About-To-Hit-The-Fan‚Äù Tuesday","San Rafael, CA",
2020-03-03 19:46:17,I hope that everyone has a ~ Super ~ Tuesday,The Present ,
2020-03-03 19:46:15,i don‚Äôt have any followers in super tuesday states i don‚Äôt think but still please don‚Äôt vote for biden i beg,new jersey,
2020-03-03 19:46:13,"@MaxknOws2012 Ah, in that case:

1. I was talking about South Carolina - I'm not watching Super Tuesday news becaus‚Ä¶ https://t.co/A9deOfxqU5","Philadelphia, PA",
2020-03-03 19:46:12,"Super Tuesday: Which Side Are You On? #interceptedWithJeremyScahill 
https://t.co/vhXGaGj9Ch via @PodcastAddict https://t.co/kD09BcXIMh","Spokane, WA",
2020-03-03 19:46:12,Today is Super Tuesday. Which seems like the perfect time to tell you that the Washington Government says they have‚Ä¶ https://t.co/AELjVhqd0W,,
2020-03-03 19:46:12,Great resource for Super Tuesday - or any day if you want a quick visual representation of where each of the Democr‚Ä¶ https://t.co/xMOPivl4gN,Southern Appalachia,
2020-03-03 19:46:11,I‚Äôm anxious to see what happens with the Super Tuesday election results. I predict Biden wins with no more than 4 s‚Ä¶ https://t.co/QaPpDRzJ1S,"Athens, Ohio",
2020-03-03 19:46:11,"It's Super Tuesday! Vote Blue, Vote Josh has! Josh has done a great job for the district. We need him in Washington‚Ä¶ https://t.co/RG9DNqEkKF",,
2020-03-03 19:46:11,"Michael Stipe canta i Rolling Stones per il ""Super tuesday"" https://t.co/g21irn5IyO https://t.co/9IbM0snsGS",italy,
2020-03-03 19:46:09,@HenryClay625G @HoarseWisperer Super Tuesday,,
2020-03-03 19:46:09,Voters who didn‚Äôt cast their ballots by mail swung by polling places around the Bay Area in mixed numbers on Tuesda‚Ä¶ https://t.co/t1JteCD2ad,"San Francisco, CA",
2020-03-03 19:46:08,Operation Chaos Outbreak on Super Tuesday? https://t.co/vIzfsFXE1o via @rushlimbaugh,,
2020-03-03 19:46:07,OMG!!!  It's SUPER TUESDAY!  Drivin' to the Pollin' Place! https://t.co/upbgV5o8md,"Greatest Country, USA",
2020-03-03 19:46:04,@Ray_Naissance it shouldn't have required hindsight. berners were on the receiving end of this nonsense last time.‚Ä¶ https://t.co/yfEqBx7liJ,Produce Aisle,
2020-03-03 19:46:04,"@CharlesBLedford Nobody I know cares what is ""Inside Variety's Super Tuesday Issue"". That photo of that old what's‚Ä¶ https://t.co/QCb3cQvaxL",North Carolina USA,
2020-03-03 19:46:02,Happy Super Tuesday! #womenfortrump #toddlersfortrump #MAGA #AmericaFirst #SuperTuesday #Trump2020 @realDonaldTrump‚Ä¶ https://t.co/pgvUP0RrfF,,
2020-03-03 19:46:02,super tuesday üåü,,
2020-03-03 19:46:00,"@ForecasterEnten Unless you‚Äôre a political junkie, you don‚Äôt even though what Super Tuesday is let alone know that it‚Äôs today","West Palm Beach, FL",
2020-03-03 19:46:00,"I voted Sunday in early voting, in Los Angeles. Can't wait to see the #SuperTuesday results come in later tonight!‚Ä¶ https://t.co/O1iYb4sKoU",West Los Angeles,
2020-03-03 19:46:00,"They admit it!!!

https://t.co/1NYGrphk1r",,
2020-03-03 19:46:00,"""It was somehow both stunning and not surprising all at the same time.""

https://t.co/nBuUdSvKfx https://t.co/LCFthb8vZ7","St Petersburg, FL",
2020-03-03 19:46:00,I am an enormous fan of The Daily but whyyyyyyy did they think a 30 min interview with a rich Washington insider wh‚Ä¶ https://t.co/OEOMsQDU40,"Austin, TX",
2020-03-03 19:45:58,"Happy Super Tuesday! Make sure to get out and vote today!

Find your polling place here: https://t.co/FgjNDtyAuA https://t.co/6VMCsduqtL","Los Angeles, CA",
2020-03-03 19:45:54,Mike Wazowski has a very important message for everyone this Super Tuesday #VoteForBernie https://t.co/bQAA8Cvhcb,"she/her, they/them, nonbinary",
2020-03-03 19:45:52,"You‚Äôre thinking about Super Tuesday 

I‚Äôm thinking about Fed cutting rates

WE ARE NOT THE SAME",United States,
2020-03-03 19:45:52,can‚Äôt believe buttigieg and klobuchar dropped out right before super tuesday just in time to endorse biden giving h‚Ä¶ https://t.co/HCpgX69gGv,sea of dreams,
2020-03-03 19:45:50,"Girls just have one thing on their minds: 

Super Tuesday, motherfuckers!",,
2020-03-03 19:45:48,here‚Äôs the poll if you wanna tell good ol Donny boy how he fucked up: https://t.co/HFrqVGougb,,
2020-03-03 19:45:44,"I won't be here next week so I just ""participated in Super Tuesday"" (MO's primary isn't today but it happened to wo‚Ä¶ https://t.co/BnEx6vD0ye","Saint Louis, MO",
2020-03-03 19:45:43,Happy Super Tuesday! https://t.co/Aj4LafqtUH,"San Diego, CA",
2020-03-03 19:45:42,@sunrisemvmt @JoeBiden I love hearing how Pete and Amy and Beto and ten other people just coincidentally decided th‚Ä¶ https://t.co/oWjNCrpbpc,North America,
2020-03-03 19:45:42,SUPER TUESDAY: @FeliciaKSL has been talking to voters as they participate in Utah's first Super Tuesday. Polls are‚Ä¶ https://t.co/c97qsmHuYA,"Salt Lake City, Utah",
2020-03-03 19:45:36,happy super tuesday please vote,maryland,
2020-03-03 19:45:35,@Nikki_deboer I wish I could. But my state doesn't participate in Super Tuesday ‚òπÔ∏è,,
2020-03-03 19:45:33,"""I don't think we should have a socialist heading up our ticket. And I think we have to have someone, as one promin‚Ä¶ https://t.co/SaaNMlxe53","Ashland, KY",
2020-03-03 19:45:32,"For those who live in a Super Tuesday State, be sure to get out and vote today! https://t.co/Qbx7oEC2fr","Cambridge, MA",
2020-03-03 19:45:31,"on this super tuesday, vote not just for what you think this country needs but also for what you think this country could be",full face of makeup + crying ,
2020-03-03 19:45:31,Does anyone have a link to the Super Tuesday results for the New York Times?,"Washington, USA",
2020-03-03 19:45:30,SUPER TUESDAY VOTE TRUMP https://t.co/EwKhIb8I9V via @YouTube,,
2020-03-03 19:45:29,"@KariMalkavaara @PekkaVainio3 @MasaSaarnela üòÇüòÇüòÇ oh I love this convo.
Melkein unohdan Super Tuesday‚Äôn...","Naples, FL & in a suitcase ",
2020-03-03 19:45:29,Oh hey @jennymedina doing TV hits from the beach...make sure to read her great NYT piece on Latino voters https://t.co/BXvNRVdihN,"Washington, DC",
2020-03-03 19:45:29,making my famoose homemade bagels today to send bernie the power to win super tuesday ü•∫‚ù§ü•Ø,Los Angeles County,
2020-03-03 19:45:28,my super tuesday take is that politician merch is Bad.,"New York, NY",
2020-03-03 19:45:27,Super Tuesday more like Super Whoseday amirite?! eh?,"Brooklyn, NY",
2020-03-03 19:45:25,The road #SuperTuesday is finally coming to an end today as we take a look how we got here through these @nytimes p‚Ä¶ https://t.co/AED0bAUJzS,"Austin, TX",
2020-03-03 19:45:25,@DesignationSix Please take this survey and share the hell out of it. It's time real Americans be heard and not jus‚Ä¶ https://t.co/7fnyWwJOAs,World Traveler ,
2020-03-03 19:45:22,Happy Super Tuesday https://t.co/45rZu6qZoC,San Diego,
2020-03-03 19:45:21,"@gpkny @PSW_66 @GeekTexas You really want THIS guy in charge of the country?? The man is a living Onion articleüòÇ

https://t.co/l19DClRIQw",,
2020-03-03 19:45:21,Black Voters Providing ‚ÄòRocket Fuel‚Äô To Joe Biden On Super Tuesday https://t.co/VLQB67Nz55 via @dailysoundnfury,United States,
2020-03-03 19:45:21,Super yummy Tuesday @arcuridc https://t.co/CkXJ1YP4PG,"Washington, DC",
2020-03-03 19:45:18,Everyone get out and canvass to get out the fucking vote if you're in a Super Tuesday state. Phonebank if you're no‚Ä¶ https://t.co/5ZhB7C30aJ,"Edmonton, AB - Treaty 6",
2020-03-03 19:45:18,hate living in a super tuesday state and being unable to vote :(,she/her || 17 (minor),
2020-03-03 19:45:17,Super Tuesday!,The Matrix,
2020-03-03 19:45:17,Happy Super Tuesday!,,
2020-03-03 19:45:15,"In Culver City, California, for Super Tuesday. A long, steady line of voters at this polling station. https://t.co/WXzdTmWTUn","Tokyo, Japan",
2020-03-03 19:45:15,Here's a thorough explainer on how the delegate process works right now. It shouldn't be this complicated to nomina‚Ä¶ https://t.co/NZzTaDLeU2,"San Francisco, Ca",
2020-03-03 19:45:13,"@WordswithSteph WHAT is he even saying???? Please tweeps, get out and vote today if you are part of Super Tuesday.","Napa, CA",
2020-03-03 19:45:12,@iamnatequinn What‚Äôs Super Tuesday?,"Pennsylvania, USA",
2020-03-03 19:45:12,@notokaywithit @JennElizabethJ @JordanChariton @JoeBiden @TwitterSupport You didn‚Äôt show me where he said ‚Äúsuper Th‚Ä¶ https://t.co/1BXH96N07N,,
2020-03-03 19:45:12,"@SpaceWitchNova as long as it doesn't negatively impact you!!!

also no I'm just not in a super tuesday state",,
2020-03-03 19:45:11,Super Tuesday is gonna be VERY interesting...,"Miami, FL üèñ",
2020-03-03 19:45:11,@Technothepig Confirmed techno lives in a super tuesday state,,
2020-03-03 19:45:10,Brand new voting machines in Los Angeles County built to ease #security concerns will be put to the test on‚Ä¶ https://t.co/fKkKfHIjVR,"Burlington, MA, USA",
2020-03-03 19:45:10,"Happy SUPER TUESDAY! üôå.

ALL rides on @LADOTofficial and @metrolosangeles are FREE today! Make it a field trip type‚Ä¶ https://t.co/h7TfK8CqSq","Los Angeles, CA",
2020-03-03 19:45:10,Super Tuesday is actually the day Jesus perfected his dunk.,"Pittsburgh, PA",
2020-03-03 19:45:08,"Follow along with NPR's Super Tuesday coverage for the latest news, analysis and results https://t.co/sje2obwBJf",Chicago,
2020-03-03 19:45:07,@RVAwonk Hey idk if you could pass along this - Nashville took a bad hit early this morning from a tornado &amp; pollin‚Ä¶ https://t.co/4KAfK5bFbE,Pennsylvania,
2020-03-03 19:45:04,@RPomplun My state doesn't have Super Tuesday voting,,
2020-03-03 19:45:03,Super Tuesday: Voters across the country head to the polls in key day of primary elections #SuperTuesday https://t.co/D84n7X3QhF,"Pensacola, FL",
2020-03-03 19:45:02,The Democratic Establishment Is Mobilizing to Stop Bernie Sanders - Rolling Stone https://t.co/RfGczsZs2a,"Area IV, Cambridge, MA",
2020-03-03 19:45:02,I can‚Äôt with this Trump poll lmfao https://t.co/HzgEm9h8Q8,"Grand Forks, ND",
2020-03-03 19:45:02,"INSIDER EXCLUSIVE Find out how @NASEDorg, @NASSorg and @NACoTweets are helping to coordinate #Election2020‚Ä¶ https://t.co/2jR3eMMtk9","Vernon Hills, IL",
2020-03-03 19:45:00,Joe Biden surges ahead of Bernie Sanders in delegate projection after boost in Super Tuesday polls https://t.co/AsAq0HT1gA,,
2020-03-03 19:45:00,"Elizabeth Warren visited her polling station at Graham &amp; Parks School in Cambridge, Mass., this morning where polls‚Ä¶ https://t.co/8hOM16X1Fa","Washington, D.C.",
2020-03-03 19:44:59,Already stressed about Super Tuesday please don‚Äôt talk to me,,
2020-03-03 19:44:59,Happy Super Tuesday guys and gals! Remember your vote counts https://t.co/i5UFmkAlrz,United States,
2020-03-03 19:44:59,Middle TN needs a do over for Super Tuesday.,Out of place,
2020-03-03 19:44:58,"Somehow I'm not stressed about today, even though this primary has run me ragged.  Super Tuesday is gonna be what i‚Ä¶ https://t.co/dCnto5GmIc","Philadelphia, PA",
2020-03-03 19:44:58,"@NateSilver538 You are desperate for some way to make Bernie look good.

Biden is most similar to Bill Clinton, who‚Ä¶ https://t.co/bDHQiLZncd","Los Angeles, CA",
2020-03-03 19:44:57,Please go vote Super Tuesday ü•∫,"Fort Worth, TX",
2020-03-03 19:44:54,Super Tuesday is my fave holiday. How are y‚Äôall celebrating this year?,"Houston, TX",
2020-03-03 19:44:52,"One more semi-serious political post, and then we'll get back to music recs &amp; funny stuff. 

It's time for:

 DEMOC‚Ä¶ https://t.co/rRFJ81hyLw","Above the Gap, Denver, CO",
2020-03-03 19:44:50,"Between Super Tuesday and coronavirus, it's hard for me to enjoy posts/stories from any of the influencers I follow‚Ä¶ https://t.co/v8gRPQYZeK","Phoenix, AZ",
2020-03-03 19:44:49,@DavidBLowry @willwbooker @akcayerol @HarmitMalik The democratic establishment is more concerned about preserving t‚Ä¶ https://t.co/t9ScxnhAB2,"Philadelphia, PA",
2020-03-03 19:44:49,@minhtngo Please take this survey and share the hell out of it. It's time real Americans be heard and not just Trum‚Ä¶ https://t.co/7JFRLEmhsc,World Traveler ,
2020-03-03 19:44:49,It‚Äôs wild that this tornado brought in Super Tuesday,"Nashville, TN",
2020-03-03 19:44:48,It‚Äôs Super Tuesday! Get out and vote!,,
2020-03-03 19:44:45,"@todd_ruthig Hi Todd. 
I do not understand why only this video does not want to play. 

Happy Super Tuesday to you. üëèüòçüá∫üá∏",,
2020-03-03 19:44:39,Here's how the tornado is affecting Super Tuesday across Tennessee https://t.co/u7vEqua0oR via @wsmv,USA:  TX | NM | NY,
2020-03-03 19:44:37,Karl Rove breaks down the delegate math for Super Tuesday https://t.co/X9QLwuI1J6 @FoxNews #AAG #AAG2020,Wisconsin,
2020-03-03 19:44:37,hope all you people in super tuesday states are voting for bernie today,they/them ‚Ä¢ minnesota ‚Ä¢ pj üñ§,
2020-03-03 19:44:36,"Your turn

SUPER TUESDAY EXIT POLL: President Trump requested your input. All responses in the NEXT HOUR will be se‚Ä¶ https://t.co/UjpwUQeRMY",,
2020-03-03 19:44:36,Ok it‚Äôs really unhealthy for me to keep checking Twitter today because of all the Super Tuesday talk . Gonna sign o‚Ä¶ https://t.co/DnmTEsrosE,"New Jersey, USA",
2020-03-03 19:44:36,super tuesday fit after a pleasantly distracting workout. vote bernie if you can vote today https://t.co/zsoGNTBZ0v,stolen piscataway land,
2020-03-03 19:44:36,"Super Tuesday Is Really Just a Regular Tuesday in Leggings and Heels. Here‚Äôs Everything You Need to Know.
 https://t.co/ZwAzeWfNcJ","Detroit, MI",
2020-03-03 19:44:35,"how FGC sees Super Tuesday, 

Happy #GBVS day from all of us here at @ShimmyFGC :)
-‚Äî@ùò¥ùò©ùò∞ùò§ùò¨ùò£ùò¶ùò¢ùò¥ùòµ_‚Ä¶ https://t.co/jogTx5NaND",Share/Support = Followback ‚ôªÔ∏è,
2020-03-03 19:44:35,"Michael Bloomberg Vows to Pursue Contested Convention, Says He Doesn't Need to Win Super Tuesday States‚Ä¶ https://t.co/SNjv07LyfD","San Salvador, El Salvador",
2020-03-03 19:44:34,someone told me today is Super Tuesday but all I‚Äôm feeling is super depressed ?¬ø?¬ø https://t.co/G7ucKpWppn,"Houston, TX",
2020-03-03 19:44:33,What happens if you voted for a candidate who dropped out?: It's possible that candidates who have dropped out of t‚Ä¶ https://t.co/SSbSEJt3kV,"Washington, DC",
2020-03-03 19:44:33,"For those living in a Super Tuesday state, be sure to vote.","Los Angeles, CA",
2020-03-03 19:44:32,The 3 most likely Super Tuesday outcomes https://t.co/tZXmqATvjL https://t.co/7J7Aqd28MA,,
2020-03-03 19:44:32,US Super Tuesday elections: All the latest updates | USA¬†News https://t.co/VO0jlZ350H https://t.co/jKdK3tUJwm,,
2020-03-03 19:44:30,"I'm hyper-stressed over Super Tuesday, so I think I'm going to take the night off. Back tomorrow.

Also, please vote.",October Country,
2020-03-03 19:44:30,Super Tuesday has given me a Super Migraine already ü§ï,she/her/they/them,
2020-03-03 19:44:30,"James 'Pudge' Brown fills out his ballot in Linda Been's dining room in Tiger Mountain, Oklahoma. More images of un‚Ä¶ https://t.co/nj6ptLdvh0",Global,
2020-03-03 19:44:30,I'm happy to see so many people voting on Super Tuesday.,Seattle WA,
2020-03-03 19:44:30,"@O_Elkot @Oteachjohn @justsavebirds @JanelleMonae Win, because there hasn't been one win for Warren yet, and last t‚Ä¶ https://t.co/akOMhnSO87","Cincinnati, by way of Toledo",
2020-03-03 19:44:27,Everyone stay pissing me off today either I‚Äôm super hormonal or people are just extra fuckin annoying on this particular Tuesday,,
2020-03-03 19:44:26,Its too damn early in the calendar to change your vote based on recent shifts in the field. Vote for the best candi‚Ä¶ https://t.co/fy9IT6DVLs,"Springfield, MA",
2020-03-03 19:44:26,"After you let your voice be heard, come celebrate the victories tonight at One Love Lounge with XTO's Super Tuesday‚Ä¶ https://t.co/9RrjWVKeST","Arlington, TX",
2020-03-03 19:44:26,Petition to rename Super Tuesday to Hell Tuesday. https://t.co/ATBRXoxyDv,"Los Angeles, CA",
2020-03-03 19:44:25,"I don't know, maybe it's just me but, I don't see anything ""super"" about this Tuesday. 

Just thought y'all wanted to know.","South Carolina, USA",
2020-03-03 19:44:25,I‚Äôve been so all over the place that I forgot it was Super Tuesday until my boyfriend sent me a photo of his I Vote‚Ä¶ https://t.co/2RjMRDkK3P,New Zealand/California,
2020-03-03 19:44:22,"We are proud to endorse these #ProgressiveChampions who will fight for a greener, more equal and just world for us‚Ä¶ https://t.co/IqZX2kj4n7",,
2020-03-03 19:44:20,@Nate_Cohn This Super Tuesday has the world's thiccest error bars,,
2020-03-03 19:44:20,"It's super Tuesday, 14 states hold their primaries tonight including the state with the biggest batch of delegates,‚Ä¶ https://t.co/PeodDMKOOn",Lebanon,
2020-03-03 19:44:19,Super Tuesday betting - With just over four hours to go before the counts begin Biden opens big gap in the betting https://t.co/fd9zYa9Z5N,"Belfast, Northern Ireland",
2020-03-03 19:44:14,Hi if you live in a super Tuesday state I am literally begging you to go vote today,"Washington, USA",
2020-03-03 19:44:13,@pattheflip OH SUPER TUESDAY.  I thought some drama went down again in the FGC,"Los Angeles, CA",
2020-03-03 19:44:12,"AT&amp;T Stadium in Dallas has a max capacity of 108,713. Will Tulsi Gabbard get fewer total votes than that on Super Tuesday?","Houston, TX. ",
2020-03-03 19:44:10,"Two kids sick, I‚Äôm sick, Mom in one hospital, coronavirus patients have been treated in two (possibly three) other‚Ä¶ https://t.co/BTlkU4FiVq",Chicagoland,
2020-03-03 19:44:09,hope everyone has a SUPER Tuesday xD,,
2020-03-03 19:44:08,Super Tuesday election results won't change the fact that Jack is the best dog in the world. https://t.co/LtYpvlsYgt,New Orleans/Miramar Beach,
2020-03-03 19:44:06,"If your state is participating in Super Tuesday, make sure to vote. #IVoted https://t.co/6otmLC2E4w","San Francisco, CA",
2020-03-03 19:44:05,#Arkansas voters have their say on Super Tuesday #VOTE! üá∫üá∏ https://t.co/pDWVtVQ0x0,"Cabot, AR",
2020-03-03 19:44:05,"https://t.co/B7beDJ7LjR
Super Tuesday raises 2020 stakes as candidates face first national test
https://t.co/eiUU6RDIwZ",,
2020-03-03 19:44:03,can i claim mitigating circumstances if super tuesday doesn‚Äôt end up being super?,,
2020-03-03 19:44:00,"@stern3stars @fakexpearls This is my first time as a Super Tuesday state, so I get it! It‚Äôs so weird. Last time I w‚Ä¶ https://t.co/9yZ9SRqm2h","San Francisco, CA",
2020-03-03 19:44:00,"Dog Fight? Yeah, Dog Fight!

‚ÄúBecause of the swiftness with which it moved,‚Äù he added, ‚Äúit‚Äôs becoming clear that in‚Ä¶ https://t.co/GvclXqgSQQ",,
2020-03-03 19:43:59,"Maine voters head to the polls for ‚ÄòSuper Tuesday‚Äô

https://t.co/fxnKchw2ZY https://t.co/qZ3nEX737l","Bangor, Maine",
2020-03-03 19:43:59,Florida Republicans Protest Mike Bloomberg's Super Tuesday Visit https://t.co/uGTTkqOdnV #FloridaNews,"Tampa, FL",
2020-03-03 19:43:58,"Update: 

After seeing the new polling surge for Biden, this is my new prediction: 

Bernie walks out of Super Tues‚Ä¶ https://t.co/Jj8H9LKsZy",,
2020-03-03 19:43:58,Hoping Super Tuesday is Super #VoteForBernie #CAPrimary https://t.co/jUpQPM40FN,,
2020-03-03 19:43:57,Here‚Äôs a Super Tuesday political #take. Reasonable minds can disagree on who has the best shot at beating Trump: Bi‚Ä¶ https://t.co/yBcfxFT1io,"Chicago, IL",
2020-03-03 19:43:56,What Bernie Skeptics Need to Know Before Super Tuesday - YouTube - pretty good read here! https://t.co/xtIaLd3ozo,"Anchorage, AK",
2020-03-03 19:43:53,"pls Vote for Bloomberg today, Super Tuesday, he is only democrat candidate not associated with current far left Soc‚Ä¶ https://t.co/CQ54WI5yX9",,
2020-03-03 19:43:53,"Biden nabs endorsements from Klobuchar, Buttigieg, and O‚ÄôRourke ahead of Super Tuesday. https://t.co/UeFgJnjGN0",,
2020-03-03 19:43:51,#qanon #Cnn #msnbcmeltdown #ABC #FoxNews how the super tuesday 2020 explanation's will start for either bernie supp‚Ä¶ https://t.co/KHFtq5kByb,United States,
2020-03-03 19:43:50,"1)As voters head to the polls on Super Tuesday, Mike Bloomberg said the only way he can win the Democratic nominati‚Ä¶ https://t.co/SV3DPhi1nK",A BLUE dot in a RED SWAMP!,
2020-03-03 19:43:49,"CBC is the Canadian version of MSNBC just more ""nice"" https://t.co/sTmUGKH4PH #CBC #dirtbagleft #cdnpoli #uspoli #supertuesday2020","Ottawa, Canada",
2020-03-03 19:43:49,Thinking about Super Tuesday 4 years ago in Colorado when I was working w @paoramos @Betsaida_11 to book radio hits‚Ä¶ https://t.co/sYDTaFOL2A,"Washington, DC",
2020-03-03 19:43:49,@MattGlantz how can you not be offended when Pete gaslit you that he wanted to be president for a year then dropped‚Ä¶ https://t.co/91S2KAF7tE,"Austin, TX",
2020-03-03 19:43:47,"Join me LIVE on @ABC7News in Washington, Virginia, and Maryland to discuss Super Tuesday from 7 to 8 PM ET.‚Ä¶ https://t.co/nr7thnhlde","Washington, DC",
2020-03-03 19:43:46,I think a great way to encourage civic engagement would be for @Kennedy_School to not schedule the vast majority of‚Ä¶ https://t.co/7TkYh1NFp9,,
2020-03-03 19:43:45,"funny, I‚Äôm not feeling so super on this Super Tuesday",somewhere along the west coast,
2020-03-03 19:43:44,Happy super Tuesday! #Biden2020,"Pittsburgh, PA",
2020-03-03 19:43:42,A real Super Tuesday quandary - I‚Äôve never watched the bachelor/bachelorette (although full disclosure I did watch‚Ä¶ https://t.co/QSwJo3TM6o,"denton, tx",
